plu,ean,name,brand,size,status,suggested_price,cost_price,stock,image_url,active
12292-4,4512048820435,4512048820435,SHOEI,56,Disponivel,6999.9,4117.58,0,,true
12293-1,4512048820442,4512048820442,SHOEI,58,Disponivel,6999.9,4117.58,0,,true
12294-8,4512048820459,4512048820459,SHOEI,60,Disponivel,6999.9,4117.58,0,,true
12295-5,4512048820466,4512048820466,SHOEI,62,Disponivel,6999.9,4117.58,0,,true
12296-2,4512048807719,4512048807719,SHOEI,64,Item não disponivel,6999.9,4117.58,0,,true
11893-4,4512048807535,4512048807535,SHOEI,56,Disponivel,6999.9,4117.58,0,,true
11894-1,4512048807542,4512048807542,SHOEI,58,Disponivel,6999.9,4117.58,0,,true
11895-8,4512048807559,4512048807559,SHOEI,60,Disponivel,6999.9,4117.58,0,,true
11896-5,4512048807566,4512048807566,SHOEI,62,Disponivel,6999.9,4117.58,0,,true
11897-2,4512048807573,4512048807573,SHOEI,64,Disponivel,6999.9,4117.58,0,,true
11889-7,4512048807603,4512048807603,SHOEI,56,Disponivel,6999.9,4117.58,0,,true
11890-3,4512048807610,4512048807610,SHOEI,58,Disponivel,6999.9,4117.58,0,,true
11891-0,4512048807627,4512048807627,SHOEI,60,Disponivel,6999.9,4117.58,0,,true
11892-7,4512048807634,4512048807634,SHOEI,62,Disponivel,6999.9,4117.58,0,,true
12444-7,4512048807641,4512048807641,SHOEI,64,Item não disponivel,6999.9,4117.58,0,,true
12757-8,4512048807955,4512048807955,SHOEI,56,Disponivel,6999.9,4117.58,0,,true
12758-5,4512048807962,4512048807962,SHOEI,58,Disponivel,6999.9,4117.58,0,,true
12759-2,4512048807979,4512048807979,SHOEI,60,Disponivel,6999.9,4117.58,0,,true
12760-8,4512048807986,4512048807986,SHOEI,62,Disponivel,6999.9,4117.58,0,,true
12761-5,4512048807993,4512048807993,SHOEI,64,Item não disponivel,6999.9,4117.58,0,,true
12287-0,4512048820589,4512048820589,SHOEI,56,Disponivel,6999.9,4117.58,0,,true
12288-7,4512048820596,4512048820596,SHOEI,58,Disponivel,6999.9,4117.58,0,,true
12289-4,4512048820602,4512048820602,SHOEI,60,Disponivel,6999.9,4117.58,0,,true
12290-0,4512048820619,4512048820619,SHOEI,62,Disponivel,6999.9,4117.58,0,,true
13889-5,4512048820626,4512048820626,SHOEI,64,Item não disponivel,6999.9,4117.58,0,,true
11884-2,4512048807740,4512048807740,SHOEI,56,Disponivel,6999.9,4117.58,0,,true
11885-9,4512048807757,4512048807757,SHOEI,58,Disponivel,6999.9,4117.58,0,,true
11886-6,4512048807764,4512048807764,SHOEI,60,Disponivel,6999.9,4117.58,0,,true
11887-3,4512048807771,4512048807771,SHOEI,62,Disponivel,6999.9,4117.58,0,,true
11888-0,4512048807788,4512048807788,SHOEI,64,Item não disponivel,6999.9,4117.58,0,,true
20113-1,4512048878139,4512048878139,SHOEI,56,Disponivel,6999.9,4705.82,0,,true
20114-8,4512048878146,4512048878146,SHOEI,58,Disponivel,6999.9,4705.82,0,,true
20115-5,4512048878153,4512048878153,SHOEI,60,Disponivel,6999.9,4705.82,0,,true
20116-2,4512048878160,4512048878160,SHOEI,62,Disponivel,6999.9,4705.82,0,,true
20117-9,4512048878177,4512048878177,SHOEI,64,Item não disponivel,6999.9,4705.82,0,,true
20029-5,4512048878474,4512048878474,SHOEI,56,Disponivel,7999.9,4705.82,0,,true
20036-3,4512048878481,4512048878481,SHOEI,58,Disponivel,7999.9,4705.8,0,,true
20044-8,4512048878498,4512048878498,SHOEI,60,Disponivel,7999.9,4705.82,0,,true
20055-4,4512048878504,4512048878504,SHOEI,62,Disponivel,7999.9,4705.82,0,,true
20058-5,4512048878511,4512048878511,SHOEI,64,Disponivel,7999.9,4705.82,0,,true
21215-1,4512048879211,4512048879211,SHOEI,56,Disponivel,7999.9,4705.82,0,,true
21218-2,4512048879228,4512048879228,SHOEI,58,Disponivel,7999.9,0,0,,true
21258-8,4512048879235,4512048879235,SHOEI,60,Disponivel,7999.9,4705.82,0,,true
21278-6,4512048879242,4512048879242,SHOEI,62,Disponivel,7999.9,4705.82,0,,true
26991-9,,0,SHOEI,64,Item não disponivel,7999.9,0,0,,true
20062-2,4512048878641,4512048878641,SHOEI,56,Disponivel,7999.9,4705.82,0,,true
20063-9,4512048878658,4512048878658,SHOEI,58,Disponivel,7999.9,4705.82,0,,true
20067-7,4512048878665,4512048878665,SHOEI,60,Disponivel,7999.9,4705.82,0,,true
20068-4,4512048878672,4512048878672,SHOEI,62,Item não disponivel,7999.9,4705.82,0,,true
20069-1,4512048878689,4512048878689,SHOEI,64,Item não disponivel,7999.9,4705.82,0,,true
17706-1,4512048856946,4512048856946,SHOEI,56,Disponivel,7999.9,4705.82,0,,true
17707-8,4512048856953,4512048856953,SHOEI,58,Disponivel,7999.9,4705.82,0,,true
17710-8,4512048856960,4512048856960,SHOEI,60,Disponivel,7999.9,4705.82,0,,true
17711-5,4512048856977,4512048856977,SHOEI,62,Disponivel,7999.9,4705.82,0,,true
17712-2,4512048856984,4512048856984,SHOEI,64,Disponivel,7999.9,4705.82,0,,true
25961-3,,0,SHOEI,56,Disponivel,7999.9,4705.82,0,,true
25962-0,,0,SHOEI,58,Disponivel,7999.9,4705.82,0,,true
25964-4,,0,SHOEI,60,Disponivel,7999.9,4705.82,0,,true
25963-7,,0,SHOEI,62,Disponivel,7999.9,4705.82,0,,true
25965-1,,0,SHOEI,64,Sob Consulta,7999.9,4705.82,0,,true
17460-2,4512048839239,4512048839239,SHOEI,56,Item não disponivel,7999.9,4705.82,0,,true
17461-9,4512048839246,4512048839246,SHOEI,58,Disponivel,7999.9,4705.82,0,,true
17463-3,4512048839253,4512048839253,SHOEI,60,Disponivel,7999.9,4705.82,0,,true
17465-7,4512048839260,4512048839260,SHOEI,62,Disponivel,7999.9,4705.82,0,,true
17466-4,4512048839338,4512048839338,SHOEI,56,Item não disponivel,7999.9,4705.82,0,,true
17467-1,4512048839345,4512048839345,SHOEI,58,Item não disponivel,7999.9,4705.82,0,,true
17468-8,4512048839352,4512048839352,SHOEI,60,Item não disponivel,7999.9,4705.82,0,,true
17469-5,4512048839369,4512048839369,SHOEI,62,Item não disponivel,7999.9,4705.82,0,,true
15806-0,4512048839284,4512048839284,SHOEI,56,Disponivel,7999.9,4705.82,0,,true
15807-7,4512048839291,4512048839291,SHOEI,58,Disponivel,7999.9,4705.82,0,,true
15808-4,4512048839307,4512048839307,SHOEI,60,Disponivel,7999.9,4705.82,0,,true
15809-1,4512048839314,4512048839314,SHOEI,62,Disponivel,7999.9,4705.82,0,,true
15801-5,4512048839383,4512048839383,SHOEI,56,Disponivel,7999.9,4705.82,0,,true
15802-2,4512048839390,4512048839390,SHOEI,58,Disponivel,7999.9,4705.82,0,,true
15803-9,4512048839406,4512048839406,SHOEI,60,Disponivel,7999.9,4705.82,0,,true
15804-6,4512048839413,4512048839413,SHOEI,62,Disponivel,7999.9,4705.82,0,,true
15805-3,4512048839420,4512048839420,SHOEI,64,Disponivel,7999.9,4705.82,0,,true
11898-9,4512048808020,4512048808020,SHOEI,56,Sob Consulta,7999.9,4705.82,0,,true
11899-6,4512048808037,4512048808037,SHOEI,58,Disponivel,7999.9,4705.82,0,,true
11900-9,4512048808044,4512048808044,SHOEI,60,Disponivel,7999.9,4705.82,0,,true
11901-6,4512048808051,4512048808051,SHOEI,62,Item não disponivel,7999.9,4705.82,0,,true
11902-3,4512048808235,4512048808235,SHOEI,56,Disponivel,7999.9,4705.82,0,,true
11903-0,4512048808242,4512048808242,SHOEI,58,Disponivel,7999.9,4705.82,0,,true
11904-7,4512048808259,4512048808259,SHOEI,60,Disponivel,7999.9,4705.82,0,,true
11905-4,4512048808266,4512048808266,SHOEI,62,Disponivel,7999.9,4705.82,0,,true
11906-1,4512048808273,4512048808273,SHOEI,64,Disponivel,7999.9,4705.82,0,,true
12762-2,4512048808099,4512048808099,SHOEI,56,Sob Consulta,7999.9,4705.82,0,,true
12763-9,4512048808105,4512048808105,SHOEI,58,Item não disponivel,7999.9,4705.82,0,,true
12764-6,4512048808112,4512048808112,SHOEI,60,Item não disponivel,7999.9,4705.82,0,,true
12765-3,4512048808129,4512048808129,SHOEI,62,Sob Consulta,7999.9,4705.82,0,,true
11907-8,4512048808167,4512048808167,SHOEI,56,Sob Consulta,7999.9,4705.82,0,,true
11908-5,4512048808174,4512048808174,SHOEI,58,Disponivel,7999.9,4705.82,0,,true
11909-2,4512048808181,4512048808181,SHOEI,60,Item não disponivel,7999.9,4705.82,0,,true
11910-8,4512048808198,4512048808198,SHOEI,62,Sob Consulta,7999.9,4705.82,0,,true
12445-4,4512048823238,4512048823238,SHOEI,56,Disponivel,7999.9,4705.82,0,,true
12446-1,4512048823245,4512048823245,SHOEI,58,Disponivel,7999.9,4705.82,0,,true
12447-8,4512048823252,4512048823252,SHOEI,60,Disponivel,7999.9,4705.82,0,,true
12451-5,4512048823269,4512048823269,SHOEI,62,Disponivel,7999.9,4705.82,0,,true
12870-4,4512048823290,4512048823290,SHOEI,56,Item não disponivel,7999.9,4705.82,0,,true
12871-1,4512048823306,4512048823306,SHOEI,58,Item não disponivel,7999.9,4705.82,0,,true
12872-8,4512048823313,4512048823313,SHOEI,60,Item não disponivel,7999.9,4705.82,0,,true
12873-5,4512048823320,4512048823320,SHOEI,62,Item não disponivel,7999.9,4705.82,0,,true
13794-2,4512048823436,4512048823436,SHOEI,64,Item não disponivel,7999.9,4705.82,0,,true
15105-4,4512048829193,4512048829193,SHOEI,56,Item não disponivel,6599.9,3882.29,0,,true
15106-1,4512048829209,4512048829209,SHOEI,58,Item não disponivel,6599.9,3882.29,0,,true
15107-8,4512048829216,4512048829216,SHOEI,60,Item não disponivel,6599.9,3882.29,0,,true
15108-5,4512048829223,4512048829223,SHOEI,62,Item não disponivel,6599.9,3882.29,0,,true
15109-2,4512048829230,4512048829230,SHOEI,64,Item não disponivel,6599.9,3882.29,0,,true
20010-3,4512048829148,4512048829148,SHOEI,56,Sob Consulta,6599.9,3882.29,0,,true
20017-2,4512048829155,4512048829155,SHOEI,58,Disponivel,6599.9,3882.29,0,,true
20020-2,4512048829162,4512048829162,SHOEI,60,Disponivel,6599.9,3882.29,0,,true
20026-4,4512048829179,4512048829179,SHOEI,62,Sob Consulta,6599.9,3882.29,0,,true
12427-0,4512048819415,4512048819415,SHOEI,56,Sob Consulta,6599.9,3882.29,0,,true
12428-7,4512048819422,4512048819422,SHOEI,58,Sob Consulta,6599.9,3882.29,0,,true
12429-4,4512048819439,4512048819439,SHOEI,60,Sob Consulta,6599.9,3882.29,0,,true
12430-0,4512048819446,4512048819446,SHOEI,62,Sob Consulta,6599.9,3882.29,0,,true
12422-5,4512048819354,4512048819354,SHOEI,56,Disponivel,6599.9,3882.29,0,,true
12424-9,4512048819361,4512048819361,SHOEI,58,Disponivel,6599.9,3882.29,0,,true
12425-6,4512048819378,4512048819378,SHOEI,60,Disponivel,6599.9,3882.29,0,,true
12426-3,4512048819385,4512048819385,SHOEI,62,Disponivel,6599.9,3882.29,0,,true
12874-2,4512048819392,4512048819392,SHOEI,64,Item não disponivel,6599.9,3882.29,0,,true
25943-9,,0,SHOEI,56,Sob Consulta,6999.9,4117.58,0,,true
25946-0,,0,SHOEI,58,Disponivel,6599.9,3882.29,0,,true
25944-6,,0,SHOEI,60,Disponivel,6599.9,3882.29,0,,true
25947-7,,0,SHOEI,62,Disponivel,6599.9,3882.29,0,,true
25957-6,,0,SHOEI,56,Disponivel,6999.9,4117.58,0,,true
25958-3,,0,SHOEI,58,Disponivel,6999.9,4117.58,0,,true
25959-0,,0,SHOEI,60,Disponivel,6999.9,4117.58,0,,true
25960-6,,0,SHOEI,62,Disponivel,6999.9,4117.58,0,,true
20108-7,4512048874179,4512048874179,SHOEI,56,Disponivel,6999.9,4117.58,0,,true
20109-4,4512048874186,4512048874186,SHOEI,58,Disponivel,6999.9,4117.58,0,,true
20110-0,4512048874193,4512048874193,SHOEI,60,Disponivel,6999.9,4117.58,0,,true
20111-7,4512048874209,4512048874209,SHOEI,62,Disponivel,6999.9,4117.58,0,,true
20112-4,4512048874216,4512048874216,SHOEI,64,Sob Consulta,6999.9,4117.58,0,,true
25952-1,,0,SHOEI,58,Sob Consulta,6999.9,4117.58,0,,true
25953-8,,0,SHOEI,60,Sob Consulta,6999.9,4117.58,0,,true
25956-9,,0,SHOEI,62,Sob Consulta,6999.9,4117.58,0,,true
25948-4,,0,SHOEI,58,Disponivel,6999.9,4117.58,0,,true
25950-7,,0,SHOEI,60,Disponivel,6999.9,4117.58,0,,true
25951-4,,0,SHOEI,62,Sob Consulta,6999.9,4117.58,0,,true
17451-0,4512048841584,4512048841584,SHOEI,56,Disponivel,6999.9,4117.58,0,,true
17452-7,4512048841591,4512048841591,SHOEI,58,Disponivel,6999.9,4117.58,0,,true
17453-4,4512048841607,4512048841607,SHOEI,60,Disponivel,6999.9,4117.58,0,,true
17454-1,4512048841614,4512048841614,SHOEI,62,Disponivel,6999.9,4117.58,0,,true
18348-2,4512048843892,4512048843892,SHOEI,56,Sob Consulta,6999.9,4117.58,0,,true
18349-9,4512048843908,4512048843908,SHOEI,58,Disponivel,6999.9,4117.58,0,,true
18350-5,4512048843915,4512048843915,SHOEI,60,Disponivel,6999.9,4117.58,0,,true
18351-2,4512048843922,4512048843922,SHOEI,62,Sob Consulta,6999.9,4117.58,0,,true
17455-8,4512048851392,4512048851392,SHOEI,56,Sob Consulta,6999.9,4117.58,0,,true
17456-5,4512048851408,4512048851408,SHOEI,58,Disponivel,6999.9,4117.58,0,,true
17457-2,4512048851415,4512048851415,SHOEI,60,Disponivel,6999.9,4117.58,0,,true
17459-6,4512048851422,4512048851422,SHOEI,62,Item não disponivel,6999.9,4117.58,0,,true
15110-8,4512048837648,4512048837648,SHOEI,56,Disponivel,6999.9,4117.58,0,,true
15111-5,4512048837655,4512048837655,SHOEI,58,Disponivel,6999.9,4117.58,0,,true
15112-2,4512048837662,4512048837662,SHOEI,60,Disponivel,6999.9,4117.58,0,,true
15113-9,4512048837679,4512048837679,SHOEI,62,Disponivel,6999.9,4117.58,0,,true
15114-6,4512048837686,4512048837686,SHOEI,64,Item não disponivel,6999.9,4117.58,0,,true
12440-9,4512048819835,4512048819835,SHOEI,56,Item não disponivel,6999.9,4117.58,0,,true
12441-6,4512048819842,4512048819842,SHOEI,58,Disponivel,6999.9,4117.58,0,,true
12442-3,4512048819859,4512048819859,SHOEI,60,Disponivel,6999.9,4117.58,0,,true
12443-0,4512048819866,4512048819866,SHOEI,62,Item não disponivel,6999.9,4117.58,0,,true
12879-7,4512048819873,4512048819873,SHOEI,64,Item não disponivel,6999.9,4117.58,0,,true
12431-7,4512048819590,4512048819590,SHOEI,56,Sob Consulta,6999.9,4117.58,0,,true
12432-4,4512048819606,4512048819606,SHOEI,58,Item não disponivel,6999.9,4117.58,0,,true
12433-1,4512048819613,4512048819613,SHOEI,60,Sob Consulta,6999.9,4117.58,0,,true
12434-8,4512048819620,4512048819620,SHOEI,62,Sob Consulta,6999.9,4117.58,0,,true
12875-9,4512048819651,4512048819651,SHOEI,56,Sob Consulta,6999.9,4117.58,0,,true
12876-6,4512048819668,4512048819668,SHOEI,58,Disponivel,6999.9,4117.58,0,,true
12877-3,4512048819675,4512048819675,SHOEI,60,Disponivel,6999.9,4117.58,0,,true
12878-0,4512048819682,4512048819682,SHOEI,62,Disponivel,6999.9,4117.58,0,,true
12435-5,4512048819712,4512048819712,SHOEI,56,Item não disponivel,6999.9,4117.58,0,,true
12436-2,4512048819729,4512048819729,SHOEI,58,Item não disponivel,6999.9,4117.58,0,,true
12437-9,4512048819736,4512048819736,SHOEI,60,Sob Consulta,6999.9,4117.58,0,,true
12439-3,4512048819743,4512048819743,SHOEI,62,Item não disponivel,6999.9,4117.58,0,,true
13964-9,4512048833954,4512048833954,SHOEI,56,Item não disponivel,6999.9,4117.58,0,,true
13965-6,4512048833961,4512048833961,SHOEI,58,Item não disponivel,6999.9,4117.58,0,,true
13966-3,4512048833978,4512048833978,SHOEI,60,Item não disponivel,6999.9,4117.58,0,,true
13967-0,4512048833985,4512048833985,SHOEI,62,Item não disponivel,6999.9,4117.58,0,,true
94931-6,4512048785956,4512048785956,SHOEI,56,Item não disponivel,5499.9,3235.24,0,,true
94932-3,4512048785963,4512048785963,SHOEI,58,Item não disponivel,5499.9,3235.24,0,,true
94933-0,4512048785970,4512048785970,SHOEI,60,Item não disponivel,5499.9,3235.24,0,,true
94934-7,4512048785987,4512048785987,SHOEI,62,Item não disponivel,5499.9,3235.24,0,,true
94927-9,4512048785895,4512048785895,SHOEI,56,Item não disponivel,5499.9,3235.24,0,,true
94928-6,4512048785901,4512048785901,SHOEI,58,Item não disponivel,5499.9,3235.24,0,,true
94929-3,4512048785918,4512048785918,SHOEI,60,Disponivel,5499.9,3235.24,0,,true
94930-9,4512048785925,4512048785925,SHOEI,62,Item não disponivel,5499.9,3235.24,0,,true
12417-1,4512048822156,4512048822156,SHOEI,56,Sob Consulta,5999.9,3529.35,0,,true
12418-8,4512048822163,4512048822163,SHOEI,58,Disponivel,5999.9,3529.35,0,,true
12419-5,4512048822170,4512048822170,SHOEI,60,Disponivel,5999.9,3529.35,0,,true
12420-1,4512048822187,4512048822187,SHOEI,62,Item não disponivel,5999.9,3529.35,0,,true
12413-3,,0,SHOEI,56,Item não disponivel,5999.9,3529.35,0,,true
12414-0,4512048822286,4512048822286,SHOEI,58,Sob Consulta,5999.9,3529.35,0,,true
12415-7,,0,SHOEI,60,Item não disponivel,5999.9,3529.35,0,,true
12416-4,4512048822309,4512048822309,SHOEI,62,Item não disponivel,5999.9,3529.35,0,,true
18357-4,4512048843793,4512048843793,SHOEI,56,Item não disponivel,5699.9,3352.88,0,,true
18358-1,4512048843809,4512048843809,SHOEI,58,Item não disponivel,5699.9,3352.88,0,,true
18359-8,4512048843816,4512048843816,SHOEI,60,Item não disponivel,5699.9,3352.88,0,,true
18360-4,4512048851583,4512048851583,SHOEI,62,Sob Consulta,5699.9,3352.88,0,,true
18361-1,4512048851590,4512048851590,SHOEI,64,Item não disponivel,5699.9,3352.88,0,,true
18352-9,4512048843670,4512048843670,SHOEI,56,Item não disponivel,5699.9,3352.88,0,,true
18353-6,4512048843687,4512048843687,SHOEI,58,Item não disponivel,5699.9,3352.88,0,,true
18354-3,4512048843694,4512048843694,SHOEI,60,Sob Consulta,5699.9,3352.88,0,,true
18355-0,4512048851521,4512048851521,SHOEI,62,Item não disponivel,5699.9,3352.88,0,,true
18356-7,4512048851538,4512048851538,SHOEI,64,Item não disponivel,5699.9,3352.88,0,,true
15872-5,4512048843755,4512048843755,SHOEI,56,Item não disponivel,5699.9,3352.88,0,,true
15873-2,4512048843762,4512048843762,SHOEI,58,Item não disponivel,5699.9,3352.88,0,,true
15874-9,4512048843779,4512048843779,SHOEI,60,Disponivel,5699.9,3352.88,0,,true
15875-6,4512048851569,4512048851569,SHOEI,62,Item não disponivel,5699.9,3352.88,0,,true
15876-3,4512048851576,4512048851576,SHOEI,64,Item não disponivel,5699.9,3352.88,0,,true
15879-4,4512048844059,4512048844059,SHOEI,56,Sob Consulta,5999.9,3529.35,0,,true
15880-0,4512048844066,4512048844066,SHOEI,58,Disponivel,5999.9,3529.35,0,,true
15881-7,4512048844073,4512048844073,SHOEI,60,Sob Consulta,5999.9,3529.35,0,,true
15882-4,4512048851606,4512048851606,SHOEI,62,Sob Consulta,5999.9,3529.35,0,,true
16824-3,4512048854348,4512048854348,SHOEI,64,Item não disponivel,5999.9,3529.35,0,,true
15883-1,4512048844134,4512048844134,SHOEI,56,Item não disponivel,5999.9,3529.35,0,,true
15884-8,4512048844141,4512048844141,SHOEI,58,Disponivel,5999.9,3529.35,0,,true
15885-5,4512048844158,4512048844158,SHOEI,60,Disponivel,5999.9,3529.35,0,,true
15886-2,4512048851644,4512048851644,SHOEI,62,Disponivel,5999.9,3529.35,0,,true
16825-0,4512048851651,4512048851651,SHOEI,64,Sob Consulta,5999.9,3529.35,0,,true
15887-9,4512048844172,4512048844172,SHOEI,56,Item não disponivel,5999.9,3529.35,0,,true
15888-6,4512048844189,4512048844189,SHOEI,58,Item não disponivel,5999.9,3529.35,0,,true
15889-3,4512048844196,4512048844196,SHOEI,60,Sob Consulta,5999.9,3529.35,0,,true
15890-9,4512048851668,4512048851668,SHOEI,62,Item não disponivel,5999.9,3529.35,0,,true
81648-9,4512048555436,4512048555436,SHOEI,56,Item não disponivel,4999.8999999999996,2941.12,0,,true
81649-6,4512048555443,4512048555443,SHOEI,58,Sob Consulta,4999.8999999999996,2941.12,0,,true
81650-2,4512048555450,4512048555450,SHOEI,60,Disponivel,4999.8999999999996,2941.12,0,,true
81651-9,4512048555467,4512048555467,SHOEI,62,Item não disponivel,4999.8999999999996,2941.12,0,,true
81652-6,4512048555474,4512048555474,SHOEI,64,Item não disponivel,4999.8999999999996,2941.12,0,,true
25930-9,,0,SHOEI,56,Disponivel,8999.9,5294.05,0,,true
25936-1,,0,SHOEI,58,Disponivel,8999.9,5294.05,0,,true
25931-6,,0,SHOEI,60,Disponivel,8999.9,5294.05,0,,true
25937-8,,0,SHOEI,62,Disponivel,8999.9,5294.05,0,,true
98348-8,4512048803100,4512048803100,SHOEI,56,Item não disponivel,8999.9,5294.05,0,,true
98349-5,4512048803117,4512048803117,SHOEI,58,Disponivel,8999.9,5294.05,0,,true
98350-1,4512048803124,4512048803124,SHOEI,60,Disponivel,8999.9,5294.05,0,,true
98351-8,4512048803131,4512048803131,SHOEI,62,Disponivel,8999.9,5294.05,0,,true
15891-6,4512048851873,4512048851873,SHOEI,56,Disponivel,8999.9,5294.05,0,,true
15892-3,4512048851880,4512048851880,SHOEI,58,Disponivel,8999.9,5294.05,0,,true
15893-0,4512048851897,4512048851897,SHOEI,60,Disponivel,8999.9,5294.05,0,,true
15894-7,4512048851903,4512048851903,SHOEI,62,Disponivel,8999.9,5294.05,0,,true
16820-5,4512048851934,4512048851934,SHOEI,56,Sob Consulta,8999.9,5294.05,0,,true
16821-2,4512048851941,4512048851941,SHOEI,58,Disponivel,8999.9,5294.05,0,,true
16822-9,4512048851958,4512048851958,SHOEI,60,Disponivel,8999.9,5294.05,0,,true
16823-6,4512048851965,4512048851965,SHOEI,62,Sob Consulta,8999.9,5294.05,0,,true
15819-0,4512048850401,4512048850401,SHOEI,56,Sob Consulta,8999.9,5294.05,0,,true
15820-6,4512048850418,4512048850418,SHOEI,58,Sob Consulta,8999.9,5294.05,0,,true
15821-3,4512048850425,4512048850425,SHOEI,60,Sob Consulta,8999.9,5294.05,0,,true
15822-0,4512048850432,4512048850432,SHOEI,62,Item não disponivel,8999.9,5294.05,0,,true
18769-5,4512048864255,4512048864255,SHOEI,56,Disponivel,8999.9,5294.05,0,,true
18778-7,4512048864262,4512048864262,SHOEI,58,Disponivel,8999.9,5294.05,0,,true
18779-4,4512048864279,4512048864279,SHOEI,60,Disponivel,8999.9,5294.05,0,,true
18784-8,4512048864286,4512048864286,SHOEI,62,Sob Consulta,8999.9,5294.05,0,,true
25915-6,,0,SHOEI,56,Disponivel,8999.9,5294.05,0,,true
25916-3,,0,SHOEI,58,Disponivel,8999.9,5294.05,0,,true
25917-0,,0,SHOEI,60,Disponivel,8999.9,5294.05,0,,true
25919-4,,0,SHOEI,62,Disponivel,8999.9,5294.05,0,,true
18785-5,4512048864132,4512048864132,SHOEI,56,Item não disponivel,8999.9,5294.05,0,,true
18786-2,4512048864149,4512048864149,SHOEI,58,Item não disponivel,8999.9,5294.05,0,,true
18787-9,4512048864156,4512048864156,SHOEI,60,Item não disponivel,8999.9,5294.05,0,,true
18788-6,4512048864163,4512048864163,SHOEI,62,Item não disponivel,8999.9,5294.05,0,,true
15895-4,4512048852238,4512048852238,SHOEI,56,Item não disponivel,8999.9,5294.05,0,,true
15896-1,4512048852245,4512048852245,SHOEI,58,Item não disponivel,8999.9,5294.05,0,,true
15897-8,4512048852252,4512048852252,SHOEI,60,Item não disponivel,8999.9,5294.05,0,,true
15898-5,4512048852269,4512048852269,SHOEI,62,Sob Consulta,8999.9,5294.05,0,,true
14394-3,4512048836221,4512048836221,SHOEI,56,Item não disponivel,8999.9,5294.05,0,,true
14395-0,4512048836238,4512048836238,SHOEI,58,Disponivel,8999.9,5294.05,0,,true
14396-7,4512048836245,4512048836245,SHOEI,60,Sob Consulta,8999.9,5294.05,0,,true
14397-4,4512048836252,4512048836252,SHOEI,62,Sob Consulta,8999.9,5294.05,0,,true
10241-4,4512048809195,4512048809195,SHOEI,56,Item não disponivel,8999.98,5294.05,0,,true
10242-1,4512048809201,4512048809201,SHOEI,58,Item não disponivel,8999.98,5294.05,0,,true
10243-8,4512048809218,4512048809218,SHOEI,60,Item não disponivel,8999.98,5294.05,0,,true
10245-2,4512048809225,4512048809225,SHOEI,62,Item não disponivel,8999.98,5294.05,0,,true
98356-3,4512048798895,4512048798895,SHOEI,56,Disponivel,8999.9,5294.05,0,,true
98357-0,4512048798901,4512048798901,SHOEI,58,Item não disponivel,8999.9,5294.05,0,,true
98358-7,4512048798918,4512048798918,SHOEI,60,Disponivel,8999.9,5294.05,0,,true
98359-4,4512048798925,4512048798925,SHOEI,62,Disponivel,8999.9,5294.05,0,,true
98352-5,4512048801809,4512048801809,SHOEI,56,Item não disponivel,8999.9,5294.05,0,,true
98353-2,4512048801816,4512048801816,SHOEI,58,Item não disponivel,8999.9,5294.05,0,,true
98354-9,4512048801823,4512048801823,SHOEI,60,Sob Consulta,8999.9,5294.05,0,,true
98355-6,4512048801830,4512048801830,SHOEI,62,Item não disponivel,8999.9,5294.05,0,,true
25926-2,,0,SHOEI,56,Disponivel,8999.9,5294.05,0,,true
25927-9,,0,SHOEI,58,Disponivel,8999.9,5294.05,0,,true
25928-6,,0,SHOEI,60,Disponivel,8999.9,5294.05,0,,true
25929-3,,0,SHOEI,62,Disponivel,8999.9,5294.05,0,,true
25910-1,,0,SHOEI,56,Disponivel,8999.9,5294.05,0,,true
25911-8,,0,SHOEI,58,Disponivel,8999.9,5294.05,0,,true
25912-5,,0,SHOEI,60,Disponivel,8999.9,5294.05,0,,true
25913-2,,0,SHOEI,62,Disponivel,8999.9,5294.05,0,,true
98529-1,4512048798833,4512048798833,SHOEI,56,Item não disponivel,8999.9,5294.05,0,,true
98530-7,4512048798840,4512048798840,SHOEI,58,Item não disponivel,8999.9,5294.05,0,,true
98531-4,4512048798857,4512048798857,SHOEI,60,Item não disponivel,8999.9,5294.05,0,,true
98532-1,4512048798864,4512048798864,SHOEI,62,Item não disponivel,8999.9,5294.05,0,,true
98533-8,4512048803285,4512048803285,SHOEI,56,Item não disponivel,8999.9,5294.05,0,,true
98534-5,4512048803292,4512048803292,SHOEI,58,Item não disponivel,8999.9,5294.05,0,,true
98535-2,4512048803308,4512048803308,SHOEI,60,Sob Consulta,8999.9,5294.05,0,,true
98536-9,4512048803315,4512048803315,SHOEI,62,Item não disponivel,8999.9,5294.05,0,,true
98344-0,4512048797867,4512048797867,SHOEI,56,Sob Consulta,7999.9,4705.82,0,,true
98345-7,4512048797874,4512048797874,SHOEI,58,Sob Consulta,7999.9,4705.82,0,,true
98346-4,4512048797881,4512048797881,SHOEI,60,Disponivel,7999.9,4705.82,0,,true
98347-1,4512048797898,4512048797898,SHOEI,62,Sob Consulta,7999.9,4705.82,0,,true
98340-2,4512048797805,4512048797805,SHOEI,56,Sob Consulta,7999.9,4705.82,0,,true
98341-9,4512048797812,4512048797812,SHOEI,58,Disponivel,7999.9,4705.82,0,,true
98342-6,4512048797829,4512048797829,SHOEI,60,Disponivel,7999.9,4705.82,0,,true
98343-3,4512048797836,4512048797836,SHOEI,62,Sob Consulta,7999.9,4705.82,0,,true
20070-7,4512048861933,4512048861933,SHOEI,56,Disponivel,4999.8999999999996,3333.26,0,,true
20071-4,4512048861940,4512048861940,SHOEI,58,Disponivel,4999.8999999999996,3333.26,0,,true
20072-1,4512048861957,4512048861957,SHOEI,60,Disponivel,4999.8999999999996,3333.26,0,,true
20073-8,4512048861964,4512048861964,SHOEI,62,Sob Consulta,4999.8999999999996,3333.26,0,,true
12283-2,4512048782795,4512048782795,SHOEI,56,Item não disponivel,4999.8999999999996,3333.26,0,,true
12284-9,4512048782801,4512048782801,SHOEI,58,Disponivel,4999.8999999999996,3333.26,0,,true
12285-6,4512048782818,4512048782818,SHOEI,60,Disponivel,4999.8999999999996,3333.26,0,,true
12286-3,4512048782825,4512048782825,SHOEI,62,Item não disponivel,4999.8999999999996,3333.26,0,,true
20193-3,4512048867362,4512048867362,SHOEI,56,Sob Consulta,5999.9,3999.93,0,,true
20198-8,4512048867379,4512048867379,SHOEI,58,Disponivel,5999.9,3999.93,0,,true
20208-4,4512048867386,4512048867386,SHOEI,60,Disponivel,5999.9,3999.93,0,,true
20212-1,4512048867393,4512048867393,SHOEI,62,Sob Consulta,5999.9,3999.93,0,,true
20078-3,4512048876296,4512048876296,SHOEI,56,Sob Consulta,5999.9,3999.93,0,,true
20079-0,4512048876302,4512048876302,SHOEI,58,Disponivel,5999.9,3999.93,0,,true
20080-6,4512048876319,4512048876319,SHOEI,60,Disponivel,5999.9,3999.93,0,,true
20081-3,4512048876326,4512048876326,SHOEI,62,Sob Consulta,5999.9,3999.93,0,,true
15811-4,4512048845247,4512048845247,SHOEI,56,Item não disponivel,5999.9,3999.93,0,,true
15812-1,4512048845254,4512048845254,SHOEI,58,Item não disponivel,5999.9,3999.93,0,,true
15813-8,4512048845261,4512048845261,SHOEI,60,Item não disponivel,5999.9,3999.93,0,,true
15814-5,4512048845278,4512048845278,SHOEI,62,Item não disponivel,5999.9,3999.93,0,,true
15815-2,4512048845384,4512048845384,SHOEI,56,Item não disponivel,5999.9,3999.93,0,,true
15816-9,4512048845391,4512048845391,SHOEI,58,Sob Consulta,5999.9,3999.93,0,,true
15817-6,4512048845407,4512048845407,SHOEI,60,Sob Consulta,5999.9,3999.93,0,,true
15818-3,4512048845414,4512048845414,SHOEI,62,Item não disponivel,5999.9,3999.93,0,,true
97638-1,4512048796495,4512048796495,SHOEI,56,Item não disponivel,5999.9,3999.93,0,,true
97639-8,4512048796501,4512048796501,SHOEI,58,Item não disponivel,5999.9,3999.93,0,,true
97640-4,4512048796518,4512048796518,SHOEI,60,Item não disponivel,5999.9,3999.93,0,,true
97641-1,4512048796525,4512048796525,SHOEI,62,Item não disponivel,5999.9,3999.93,0,,true
14011-9,4512048820909,4512048820909,SHOEI,56,Sob Consulta,5999.9,3999.93,0,,true
14012-6,4512048820916,4512048820916,SHOEI,58,Disponivel,5999.9,3999.93,0,,true
14013-3,4512048821135,4512048821135,SHOEI,60,Disponivel,5999.9,3999.93,0,,true
14014-0,4512048821142,4512048821142,SHOEI,62,Disponivel,5999.9,3999.93,0,,true
12770-7,4512048820978,4512048820978,SHOEI,56,Sob Consulta,5999.9,3999.93,0,,true
12771-4,4512048820985,4512048820985,SHOEI,58,Disponivel,5999.9,3999.93,0,,true
12772-1,4512048820992,4512048820992,SHOEI,60,Disponivel,5999.9,3999.93,0,,true
12773-8,4512048821005,4512048821005,SHOEI,62,Sob Consulta,5999.9,3999.93,0,,true
20074-5,4512048821258,4512048821258,SHOEI,56,Disponivel,5999.9,3999.93,0,,true
20075-2,4512048821265,4512048821265,SHOEI,58,Disponivel,5999.9,3999.93,0,,true
20076-9,4512048821272,4512048821272,SHOEI,60,Disponivel,5999.9,3999.93,0,,true
20077-6,4512048821289,4512048821289,SHOEI,62,Disponivel,5999.9,3999.93,0,,true
12766-0,4512048822644,4512048822644,SHOEI,56,Disponivel,5999.9,3999.93,0,,true
12767-7,4512048822651,4512048822651,SHOEI,58,Disponivel,5999.9,3999.93,0,,true
12768-4,4512048822668,4512048822668,SHOEI,60,Disponivel,5999.9,3999.93,0,,true
12769-1,4512048822675,4512048822675,SHOEI,62,Sob Consulta,5999.9,3999.93,0,,true
97634-3,4512048783075,4512048783075,SHOEI,56,Sob Consulta,4999.8999999999996,3333.26,0,,true
97635-0,4512048783082,4512048783082,SHOEI,58,Disponivel,4999.8999999999996,3333.26,0,,true
97636-7,4512048783099,4512048783099,SHOEI,60,Disponivel,4999.8999999999996,3333.26,0,,true
97637-4,4512048783105,4512048783105,SHOEI,62,Sob Consulta,4999.8999999999996,3333.26,0,,true
97630-5,4512048783006,4512048783006,SHOEI,56,Sob Consulta,4999.8999999999996,3333.26,0,,true
97631-2,4512048783013,4512048783013,SHOEI,58,Disponivel,4999.8999999999996,3333.26,0,,true
97632-9,4512048783020,4512048783020,SHOEI,60,Disponivel,4999.8999999999996,3333.26,0,,true
97633-6,4512048783037,4512048783037,SHOEI,62,Disponivel,4999.8999999999996,3333.26,0,,true
10952-9,4512048805876,4512048805876,SHOEI,56,Item não disponivel,5999.9,3999.93,0,,true
10953-6,4512048805883,4512048805883,SHOEI,58,Item não disponivel,5999.9,3999.93,0,,true
10954-3,4512048805890,4512048805890,SHOEI,60,Item não disponivel,5999.9,3999.93,0,,true
10955-0,4512048805906,4512048805906,SHOEI,62,Item não disponivel,5999.9,3999.93,0,,true
10948-2,4512048802639,4512048802639,SHOEI,56,Item não disponivel,5999.9,3999.93,0,,true
10949-9,4512048802646,4512048802646,SHOEI,58,Disponivel,5999.9,3999.93,0,,true
10950-5,4512048802653,4512048802653,SHOEI,60,Disponivel,5999.9,3999.93,0,,true
10951-2,4512048802660,4512048802660,SHOEI,62,Sob Consulta,5999.9,3999.93,0,,true
97626-8,4512048783143,4512048783143,SHOEI,56,Sob Consulta,4999.8999999999996,3333.26,0,,true
97627-5,4512048783150,4512048783150,SHOEI,58,Disponivel,4999.8999999999996,3333.26,0,,true
97628-2,4512048783167,4512048783167,SHOEI,60,Disponivel,4999.8999999999996,3333.26,0,,true
97629-9,4512048783174,4512048783174,SHOEI,62,Sob Consulta,4999.8999999999996,3333.26,0,,true
98173-6,4512048802073,4512048802073,SHOEI,56,Item não disponivel,5999.9,3999.93,0,,true
98174-3,4512048802080,4512048802080,SHOEI,58,Item não disponivel,5999.9,3999.93,0,,true
98175-0,4512048802097,4512048802097,SHOEI,60,Item não disponivel,5999.9,3999.93,0,,true
98176-7,4512048802103,4512048802103,SHOEI,62,Disponivel,5999.9,3999.93,0,,true
91478-9,,PINLOCK SHOEI CWRF-2,SHOEI,U,Disponivel,369.9,217.59,0,,true
71511-9,,PINLOCK SHOEI CWR-F/CWF-1,SHOEI,U,Item não disponivel,369.9,217.59,0,,true
63256-0,,PINLOCK SHOEI CX-1/CX-1V,SHOEI,U,Item não disponivel,369.9,217.59,0,,true
67962-6,4512048493042,PINLOCK SHOEI CNS-1/CW-1/CNS-3/CWR-1,SHOEI,U,Disponivel,369.9,217.59,0,,true
88027-5,4512048493325,PINLOCK SHOEI CPB-1 GLAMSTER,SHOEI,U,Sob Consulta,369.9,217.59,0,,true
71569-0,,PINLOCK SHOEI CJ-2                   J-CRUISE 2,SHOEI,U,Sob Consulta,369.9,217.59,0,,true
13796-6,,VISEIRA SHOEI CNS-1C GT-AIR 3 CRISTAL,SHOEI,U,Item não disponivel,769.9,452.88,0,,true
12779-0,,VISEIRA SHOEI CNS-1C GT-AIR 3 FUMÊ,SHOEI,U,Disponivel,769.9,452.88,0,,true
12781-3,,VISEIRA SHOEI CNS-1C GT-AIR 3 PRATA,SHOEI,U,Item não disponivel,1089.9000000000001,641.12,0,,true
12780-6,,VISEIRA SHOEI CNS-1C GT-AIR 3 AZUL,SHOEI,U,Sob Consulta,1089.9000000000001,641.12,0,,true
10957-4,4512048810870,VISEIRA SHOEI CNS-3C NEOTEC 3 CRISTAL,SHOEI,U,Disponivel,769.9,452.88,0,,true
10956-7,4512048810917,VISEIRA SHOEI CNS-3C NEOTEC 3 FUMÊ,SHOEI,U,Disponivel,769.9,452.88,0,,true
11911-5,,VISEIRA SHOEI CNS-3C NEOTEC 3 SPECTRA BLUE AZUL,SHOEI,U,Disponivel,1089.9000000000001,641.12,0,,true
11912-2,,VISEIRA SHOEI CNS-3C NEOTEC 3 SPECTRA FIRE ORANGE LARANJA,SHOEI,U,Item não Disponivel,1089.9000000000001,641.12,0,,true
26938-4,4512048492335,VISEIRA SHOEI CJ-2 CRISTAL J-CRUISE2,SHOEI,U,Disponivel,499.9,294.06,0,,true
26936-0,,VISEIRA SHOEI CJ-2 FUMÊ                 J-CRUISE 2,SHOEI,U,Disponivel,499.9,294.06,0,,true
94939-2,4512048492342,VISEIRA SHOEI CNS-2 HORNET ADV FUMÊ,SHOEI,U,Disponivel,769.9,452.88,0,,true
94940-8,,VISEIRA SHOEI CNS-2 HORNET CRISTAL,SHOEI,U,Disponivel,769.9,452.88,0,,true
22663-9,4512048414535,VISEIRA SHOEI CNS-1 AZUL         GT-AIR 2,SHOEI,U,Disponivel,1089.9000000000001,641.12,0,,true
67881-0,4512048354848,VISEIRA SHOEI CNS-1 CRISTAL                                        GT-AIR 2,SHOEI,U,Disponivel,769.9,452.88,0,,true
20295-4,4512048414498,VISEIRA SHOEI CNS-1 DARK SMOKE FUMÊ                                      GT-AIR 2,SHOEI,U,Item não disponivel,769.9,452.88,0,,true
62723-8,4512048414528,VISEIRA SHOEI CNS-1 FIRE ORANGE LARANJA                                GT-AIR 2,SHOEI,U,Item não disponivel,1089.9000000000001,641.12,0,,true
81703-5,4512048410513,VISEIRA SHOEI CWR-1 FIRE ORANGE LARANJA                               X-SPIRIT3/NXR,SHOEI,U,Item não disponivel,990,582.35,0,,true
20865-9,4512048410407,VISEIRA SHOEI CWR-1 CRISTAL                                           X-SPIRIT3/NXR,SHOEI,U,Disponivel,699,411.17,0,,true
20214-5,4512048410490,VISEIRA SHOEI CWR-1 SPECTRA BLUE AZUL                                               X-SPIRIT3/NXR,SHOEI,U,Item não disponivel,990,582.35,0,,true
22669-1,4512048410506,VISEIRA SHOEI CWR-1 SPECTRA GOLD DOURADA                                             X-SPIRIT3/NXR,SHOEI,U,Disponivel,990,582.35,0,,true
20213-8,4512048410483,VISEIRA SHOEI CWR-1 SPECTRA SILVER PRATA                                             X-SPIRIT3/NXR,SHOEI,U,Item não Disponivel,990,582.35,0,,true
10065-6,4512048493356,VISEIRA SHOEI CWR-1 TRANSITIONS PHOTOCROMIC                                           X-SPIRIT3/NXR,SHOEI,U,Item não Disponivel,1799.9,1117.5899999999999,0,,true
71750-2,4512048533434,VISEIRA SHOEI CNS- 3 CRISTAL NEOTEC 2,SHOEI,U,Disponivel,769.9,452.88,0,,true
78221-0,,VISEIRA SHOEI CNS- 3 DARK SMOKE FUME                            NEOTEC 2,SHOEI,U,Item não disponivel,769.9,452.88,0,,true
93659-0,4512048546052,VISEIRA SHOEI CNS- 3 SPECTRA BLUE AZUL                                 NEOTEC 2,SHOEI,U,Disponivel,1089.9000000000001,641.12,0,,true
93660-6,4512048546069,VISEIRA SHOEI CNS- 3 SPECTRA FIRE ORANGE LARANJA                           NEOTEC 2,SHOEI,U,Item não disponivel,1089.9000000000001,641.12,0,,true
88025-1,4512048557744,VISEIRA SHOEI CPB-1 CRISTAL GLAMSTER,SHOEI,U,Disponivel,549.9,323.47000000000003,0,,true
88026-8,4512048775070,VISEIRA SHOEI CPB-1 DARK SMOKE FUME                   GLAMSTER,SHOEI,U,Item não disponivel,549.9,293.52999999999997,0,,true
11516-2,4512048308230,VISEIRA SHOEI CW-1 IRIDIUM GOLD DOURADA                                  X-SPIRIT2 /QWEST,SHOEI,U,Disponivel,717.15,421.85,0,,true
11513-1,4512048308247,VISEIRA SHOEI CW-1 IRIDIUM SILVER PRATA                                        X-SPIRIT2 /QWEST,SHOEI,U,Disponivel,630,370.58,0,,true
64943-8,4512048308223,VISEIRA SHOEI CW-1 IRIDIUM BLUE AZUL                                               X-SPIRIT2 /QWEST,SHOEI,U,Item não disponivel,630,370.58,0,,true
70859-3,4512048492410,VISEIRA SHOEI CWR-F CRISTAL                                           X-SPIRIT3 / NXR,SHOEI,U,Item não disponivel,769.9,411.17,0,,true
64938-4,4512048492427,VISEIRA SHOEI CWR-F DARK SMOKE FUMÊ                                          X-SPIRIT3 / NXR,SHOEI,U,Item não disponivel,699,411.17,0,,true
97654-1,4512048774073,VISEIRA SHOEI CWR-F2 DARK SMOKE FUMÊ                                X-SPR / NXR2,SHOEI,U,Item não disponivel,769.9,452.88,0,,true
97655-8,4512048774097,VISEIRA SHOEI CWR-F2 SPECTRA BLUE AZUL                  X-SPR / NXR2,SHOEI,U,Disponivel,1089.9000000000001,641.12,0,,true
97656-5,4512048774110,VISEIRA SHOEI CWR-F2 SPECTRA FIRE ORANGE LARANJA                                          X-SPR / NXR2,SHOEI,U,Disponivel,1089.9000000000001,641.12,0,,true
97657-2,4512048774103,VISEIRA SHOEI CWR-F2 SPECTRA GOLD DOURADA                              X-SPR / NXR2,SHOEI,U,Disponivel,1089.9000000000001,641.12,0,,true
10529-3,,VISEIRA SHOEI CWR-F2 SPECTRA SILVER PRATA                              X-SPR / NXR2,SHOEI,U,Disponivel,1089.9000000000001,641.12,0,,true
98360-0,4512048784089,VISEIRA SHOEI CWR-F2 TRANSITIONS PHOTOCROMIC,SHOEI,U,Disponivel,1899.9,1117.5899999999999,0,,true
72826-3,,VISEIRA SHOEI CX-1V DARK SMOKE FUMÊ                                          X-SPIRIT / MULTITEC,SHOEI,U,Disponivel,340,200,0,,true
11507-0,,VISEIRA SHOEI CX-1V IRIDIUM GOLD DOURADO                                   X-SPIRIT / MULTITEC,SHOEI,U,Disponivel,534.66999999999996,314.51,0,,true
11505-6,,VISEIRA SHOEI CX-1V IRIDIUM BLUE AZUL                                               X-SPIRIT / MULTITEC,SHOEI,U,Disponivel,199,293.52999999999997,0,,true
82493-4,,TEAR OFF SHOEI CWF-1                     X-SPIRIT3,SHOEI,U,Item não disponivel,299,175,0,,true
83208-3,,0,SHOEI,56,Disponivel,499.9,294.06,0,,true
83209-0,4512048356804,4512048356804,SHOEI,58,Disponivel,499.9,294.06,0,,true
83210-6,4512048356774,4512048356774,SHOEI,60,Disponivel,499.9,294.06,0,,true
83211-3,,0,SHOEI,62,Disponivel,499.9,294.06,0,,true
83212-0,,0,SHOEI,64,Item não disponivel,499.9,294.06,0,,true
84416-1,4512048356910,FORRAÇÃO SHOEI NEOTEC 1 TYPE C,SHOEI,56 A 62,Disponivel,499.9,294.06,0,,true
12774-5,4512048356903,4512048356903,SHOEI,64,Item não disponivel,499.9,294.06,0,,true
70994-1,,0,SHOEI,56,Sob Consulta,499.9,294.06,0,,true
83194-9,,0,SHOEI,58,Disponivel,499.9,294.06,0,,true
83195-6,4512048381950,4512048381950,SHOEI,60,Disponivel,499.9,294.06,0,,true
83196-3,4512048381981,4512048381981,SHOEI,62,Disponivel,499.9,294.06,0,,true
85645-4,4512048380250,FORRAÇÃO SHOEI GT-AIR 1    TYPE F,SHOEI,56 A 62,Disponivel,499.9,294.06,0,,true
98275-7,4512048380243,4512048380243,SHOEI,64,Item não disponivel,499.9,294.06,0,,true
83213-7,,0,SHOEI,56,Item não disponivel,499.9,294.06,0,,true
83214-4,4512048534264,4512048534264,SHOEI,58,Disponivel,499.9,294.06,0,,true
83215-1,4512048534233,4512048534233,SHOEI,60,Disponivel,499.9,294.06,0,,true
83216-8,4512048534318,4512048534318,SHOEI,62,Disponivel,499.9,294.06,0,,true
83217-5,,0,SHOEI,64,Disponivel,499.9,294.06,0,,true
83186-4,,FORRAÇÃO SHOEI NEOTEC 2 TYPE L,SHOEI,56 A 62,Disponivel,499.9,294.06,0,,true
83187-1,,0,SHOEI,64,Item não disponivel,499.9,294.06,0,,true
15115-3,,0,SHOEI,56,Item não disponivel,499.9,294.06,0,,true
83219-9,4512048409791,4512048409791,SHOEI,58,Item não disponivel,499.9,294.06,0,,true
15116-0,,0,SHOEI,60,Item não disponivel,499.9,294.06,0,,true
15117-7,,0,SHOEI,62,Item não disponivel,499.9,294.06,0,,true
83188-8,4512048378684,FORRAÇÃO SHOEI NXR              TYPE E,SHOEI,56 A 62,Item não disponivel,499.9,294.06,0,,true
83223-6,4512048507978,4512048507978,SHOEI,56,Sob Consulta,499.9,294.06,0,,true
83224-3,,0,SHOEI,58,Sob Consulta,499.9,294.06,0,,true
83225-0,4512048507992,4512048507992,SHOEI,60,Item não disponivel,499.9,294.06,0,,true
83226-7,,0,SHOEI,62,Item não disponivel,499.9,294.06,0,,true
83227-4,,0,SHOEI,64,Item não disponivel,499.9,294.06,0,,true
15166-5,,FORRAÇÃO SHOEI X-SPIRIT3              TYPE I,SHOEI,56 A 62,Disponivel,499.9,294.06,0,,true
83203-8,,0,SHOEI,56,Item não disponivel,499.9,294.06,0,,true
83204-5,4512048378592,4512048378592,SHOEI,58,Item não disponivel,499.9,294.06,0,,true
83205-2,4512048378622,4512048378622,SHOEI,60,Item não disponivel,499.9,294.06,0,,true
83206-9,,0,SHOEI,62,Item não disponivel,499.9,294.06,0,,true
83207-6,,0,SHOEI,64,Item não disponivel,499.9,294.06,0,,true
10531-6,,0,SHOEI,56,Item não disponivel,499.9,294.06,0,,true
10533-0,,0,SHOEI,58,Item não disponivel,499.9,294.06,0,,true
10534-7,,0,SHOEI,60,Item não disponivel,499.9,294.06,0,,true
10536-1,,0,SHOEI,62,Item não disponivel,499.9,294.06,0,,true
10537-8,,FORRO SHOEI BOCHECHAS  X-SPR2/12,SHOEI,56 A 62,Item não disponivel,499.9,294.06,0,,true
10530-9,,FORRO SHOEI BOCHECHAS NXR/RF-1200,SHOEI,56 A 62,Item não disponivel,865,0,0,,true
10547-7,,0,SHOEI,64,Item não disponivel,499.9,294.06,0,,true
62573-9,,SUPORTE DE VISEIRA SHOEI NEOTEC,SHOEI,U,Disponivel,199.9,0,0,,true
92880-9,,SUPORTE DE VISEIRA SHOEI NEOTEC 2,SHOEI,U,Disponivel,250,150,0,,true
92884-7,,SUPORTE DE VISEIRA SHOEI GLAMSTER,SHOEI,U,Item não disponivel,250,150,0,,true
92881-6,,SUPORTE DE VISEIRA SHOEI      GT-AIR 2,SHOEI,U,Item não disponivel,250,150,0,,true
92882-3,,SUPORTE DE VISEIRA SHOEI         X-SPIRIT3,SHOEI,U,Sob Consulta,250,150,0,,true
16838-0,8054945167320,8054945167320,NOLAN,56,Disponivel,3399.9,1888.83,0,,true
16839-7,,0,NOLAN,58,Disponivel,3399.9,1888.83,0,,true
16840-3,8054945167306,8054945167306,NOLAN,60,Disponivel,3399.9,1888.83,0,,true
16841-0,,0,NOLAN,62,Disponivel,3399.9,1888.83,0,,true
16842-7,8054945180695,8054945180695,NOLAN,64,Sob Consulta,3399.9,1888.83,0,,true
16756-7,8054945167443,8054945167443,NOLAN,56,Disponivel,3399.9,1888.83,0,,true
16757-4,8054945167436,8054945167436,NOLAN,58,Disponivel,3399.9,1888.83,0,,true
16758-1,8054945167429,8054945167429,NOLAN,60,Disponivel,3399.9,1888.83,0,,true
16759-8,8054945167450,8054945167450,NOLAN,62,Disponivel,3399.9,1888.83,0,,true
16753-6,8054945167245,8054945167245,NOLAN,56,Disponivel,3399.9,1888.83,0,,true
16752-9,8054945167238,8054945167238,NOLAN,58,Disponivel,3399.9,1888.83,0,,true
16754-3,8054945167221,8054945167221,NOLAN,60,Disponivel,3399.9,1888.83,0,,true
16755-0,8054945167252,8054945167252,NOLAN,62,Disponivel,3399.9,1888.83,0,,true
25743-5,,0,NOLAN,64,Item não disponivel,3399.9,1888.83,0,,true
25735-0,,0,NOLAN,56,Disponivel,3599.9,1999.94,0,,true
25737-4,,0,NOLAN,58,Disponivel,3599.9,1999.94,0,,true
25739-8,,0,NOLAN,60,Disponivel,3599.9,1999.94,0,,true
25740-4,,0,NOLAN,62,Sob Consulta,3599.9,1999.94,0,,true
25741-1,,0,NOLAN,64,Item não disponivel,3599.9,1999.94,0,,true
18444-1,,0,NOLAN,56,Item não disponivel,3599.9,1999.94,0,,true
18445-8,,0,NOLAN,58,Item não disponivel,3599.9,1999.94,0,,true
18446-5,,0,NOLAN,60,Item não disponivel,3599.9,1999.94,0,,true
18447-2,,0,NOLAN,62,Disponivel,3599.9,1999.94,0,,true
18448-9,,0,NOLAN,64,Item não disponivel,3599.9,1999.94,0,,true
16748-2,8054945167047,8054945167047,NOLAN,56,Item não disponivel,3599.9,1999.94,0,,true
16749-9,8054945167030,8054945167030,NOLAN,58,Disponivel,3599.9,1999.94,0,,true
16750-5,8054945167023,8054945167023,NOLAN,60,Disponivel,3599.9,1999.94,0,,true
16751-2,8054945167054,8054945167054,NOLAN,62,Disponivel,3599.9,1999.94,0,,true
16760-4,8054945180626,8054945180626,NOLAN,64,Sob Consulta,3599.9,1999.94,0,,true
25717-6,8054945203998,8054945203998,NOLAN,56,Disponivel,3699.9,2055.5,0,,true
25719-0,8054945203974,8054945203974,NOLAN,58,Sob Consulta,3699.9,2055.5,0,,true
25724-4,,0,NOLAN,60,Disponivel,3699.9,2055.5,0,,true
25727-5,,0,NOLAN,62,Disponivel,3699.9,2055.5,0,,true
25728-2,,0,NOLAN,64,Item não disponivel,3699.9,2055.5,0,,true
16744-4,8054945166767,8054945166767,NOLAN,56,Sob Consulta,3699.9,2055.5,0,,true
16745-1,8054945166750,8054945166750,NOLAN,58,Disponivel,3699.9,2055.5,0,,true
16746-8,8054945166743,8054945166743,NOLAN,60,Sob Consulta,3699.9,2055.5,0,,true
16747-5,8054945166774,8054945166774,NOLAN,62,Item não disponivel,3699.9,2055.5,0,,true
18113-6,8054945180558,8054945180558,NOLAN,64,Item não disponivel,3699.9,2055.5,0,,true
17987-4,,0,NOLAN,56,Item não disponivel,3399.9,1888.83,0,,true
17988-1,,0,NOLAN,58,Item não disponivel,3399.9,1888.83,0,,true
17989-8,,0,NOLAN,60,Item não disponivel,3399.9,1888.83,0,,true
17991-1,,0,NOLAN,62,Sob Consulta,3399.9,1888.83,0,,true
22455-0,8054945203097,8054945203097,NOLAN,56,Item não disponivel,3599.9,1999.94,0,,true
22456-7,8054945203080,8054945203080,NOLAN,58,Item não disponivel,3599.9,1999.94,0,,true
22457-4,8054945203073,8054945203073,NOLAN,60,Item não disponivel,3599.9,1999.94,0,,true
22458-1,8054945203103,8054945203103,NOLAN,62,Item não disponivel,3599.9,1999.94,0,,true
22480-2,8054945203196,8054945203196,NOLAN,56,Disponivel,3599.9,1999.94,0,,true
22484-0,8054945203189,8054945203189,NOLAN,58,Disponivel,3599.9,1999.94,0,,true
22485-7,8054945203172,8054945203172,NOLAN,60,Disponivel,3599.9,1999.94,0,,true
22486-4,8054945203202,8054945203202,NOLAN,62,Disponivel,3599.9,1999.94,0,,true
22489-5,8054945203219,8054945203219,NOLAN,64,Sob Consulta,3599.9,1999.94,0,,true
22461-1,8054945203141,8054945203141,NOLAN,56,Disponivel,3599.9,1999.94,0,,true
22462-8,8054945203134,8054945203134,NOLAN,58,Disponivel,3599.9,1999.94,0,,true
22470-3,8054945203127,8054945203127,NOLAN,60,Disponivel,3599.9,1999.94,0,,true
22473-4,8054945203158,8054945203158,NOLAN,62,Disponivel,3599.9,1999.94,0,,true
25742-8,,0,NOLAN,64,Item não disponivel,3599.9,1999.94,0,,true
18449-6,,0,NOLAN,56,Sob Consulta,3599.9,1999.94,0,,true
18450-2,,0,NOLAN,58,Sob Consulta,3599.9,1999.94,0,,true
18451-9,,0,NOLAN,60,Disponivel,3599.9,1999.94,0,,true
18452-6,,0,NOLAN,62,Sob Consulta,3599.9,1999.94,0,,true
17973-7,,0,NOLAN,56,Item não disponivel,3599.9,1999.94,0,,true
17974-4,,0,NOLAN,58,Item não disponivel,3599.9,1999.94,0,,true
17977-5,,0,NOLAN,60,Item não disponivel,3599.9,1999.94,0,,true
17979-9,,0,NOLAN,62,Item não disponivel,3599.9,1999.94,0,,true
12383-9,8054945167405,8054945167405,NOLAN,56,Disponivel,3399.9,1888.83,0,,true
12384-6,8054945167399,8054945167399,NOLAN,58,Disponivel,3399.9,1888.83,0,,true
12385-3,8054945167382,8054945167382,NOLAN,60,Disponivel,3399.9,1888.83,0,,true
12386-0,8054945167412,8054945167412,NOLAN,62,Disponivel,3399.9,1888.83,0,,true
15198-6,8054945180718,8054945180718,NOLAN,64,Item não disponivel,3399.9,1888.83,0,,true
22518-2,8054945168440,8054945168440,NOLAN,56,Sob Consulta,2499.9,1562.43,0,,true
22519-9,8054945168433,8054945168433,NOLAN,58,Disponivel,2499.9,1562.43,0,,true
22521-2,8054945168426,8054945168426,NOLAN,60,Disponivel,2499.9,1562.43,0,,true
22522-9,8054945168457,8054945168457,NOLAN,62,Item não disponivel,2499.9,1562.43,0,,true
22507-6,8054945211801,8054945211801,NOLAN,56,Disponivel,2799.9,1749.93,0,,true
22509-0,8054945211795,8054945211795,NOLAN,58,Disponivel,2799.9,1749.93,0,,true
22510-6,8054945211788,8054945211788,NOLAN,60,Disponivel,2799.9,1749.93,0,,true
22515-1,8054945211818,8054945211818,NOLAN,62,Disponivel,2799.9,1749.93,0,,true
22516-8,8054945211825,8054945211825,NOLAN,64,Sob Consulta,2799.9,1749.93,0,,true
22497-0,8054945211757,8054945211757,NOLAN,56,Disponivel,2799.9,1749.93,0,,true
22500-7,8054945211740,8054945211740,NOLAN,58,Disponivel,2799.9,1749.93,0,,true
22502-1,8054945211733,8054945211733,NOLAN,60,Disponivel,2799.9,1749.93,0,,true
22506-9,8054945211764,8054945211764,NOLAN,62,Disponivel,2799.9,1749.93,0,,true
16761-1,8054945168327,8054945168327,NOLAN,56,Disponivel,2799.9,1749.93,0,,true
16762-8,8054945168310,8054945168310,NOLAN,58,Disponivel,2799.9,1749.93,0,,true
16763-5,8054945168303,8054945168303,NOLAN,60,Disponivel,2799.9,1749.93,0,,true
16764-2,8054945168334,8054945168334,NOLAN,62,Disponivel,2799.9,1749.93,0,,true
16765-9,8054945180770,8054945180770,NOLAN,64,Sob Consulta,2799.9,1749.93,0,,true
16766-6,8054945168365,8054945168365,NOLAN,56,Item não disponivel,2799.9,1749.93,0,,true
16767-3,8054945168358,8054945168358,NOLAN,58,Item não disponivel,2799.9,1749.93,0,,true
16768-0,8054945168341,8054945168341,NOLAN,60,Item não disponivel,2799.9,1749.93,0,,true
16769-7,8054945168372,8054945168372,NOLAN,62,Item não disponivel,2799.9,1749.93,0,,true
17997-3,,0,NOLAN,56,Sob Consulta,2799.9,1749.93,0,,true
17998-0,,0,NOLAN,58,Item não disponivel,2799.9,1749.93,0,,true
18000-9,,0,NOLAN,60,Disponivel,2799.9,1749.93,0,,true
18001-6,,0,NOLAN,62,Item não disponivel,2799.9,1749.93,0,,true
17992-8,,0,NOLAN,56,Item não disponivel,2899.9,1812.43,0,,true
17993-5,,0,NOLAN,58,Disponivel,2899.9,1812.43,0,,true
17994-2,,0,NOLAN,60,Item não disponivel,2899.9,1812.43,0,,true
17995-9,,0,NOLAN,62,Item não disponivel,2899.9,1812.43,0,,true
17996-6,,0,NOLAN,64,Disponivel,2899.9,1812.43,0,,true
14265-6,8054945067569,8054945067569,NOLAN,56,Item não disponivel,2799.9,1749.93,0,,true
14266-3,8054945067392,8054945067392,NOLAN,58,Item não disponivel,2799.9,1749.93,0,,true
14267-0,8054945067521,8054945067521,NOLAN,60,Item não disponivel,2799.9,1749.93,0,,true
14268-7,8054945067347,8054945067347,NOLAN,62,Item não disponivel,2799.9,1749.93,0,,true
94566-0,8054945168563,8054945168563,NOLAN,56,Disponivel,2499.9,1562.43,0,,true
94567-7,8054945168556,8054945168556,NOLAN,58,Disponivel,2499.9,1562.43,0,,true
94568-4,8054945168549,8054945168549,NOLAN,60,Disponivel,2499.9,1562.43,0,,true
94569-1,8054945168570,8054945168570,NOLAN,62,Disponivel,2499.9,1562.43,0,,true
15324-9,8054945180831,8054945180831,NOLAN,64,Sob Consulta,2499.9,1562.43,0,,true
17171-7,8054945168525,8054945168525,NOLAN,56,Disponivel,2499.9,1562.43,0,,true
17172-4,8054945168518,8054945168518,NOLAN,58,Disponivel,2499.9,1562.43,0,,true
17173-1,8054945168501,8054945168501,NOLAN,60,Disponivel,2499.9,1562.43,0,,true
17174-8,8054945168532,8054945168532,NOLAN,62,Disponivel,2499.9,1562.43,0,,true
17175-5,,0,NOLAN,64,Item não disponivel,2499.9,1562.43,0,,true
92950-9,8054945168488,8054945168488,NOLAN,56,Disponivel,2499.9,1562.43,0,,true
92951-6,8054945168471,8054945168471,NOLAN,58,Disponivel,2499.9,1562.43,0,,true
92952-3,8054945168464,8054945168464,NOLAN,60,Disponivel,2499.9,1562.43,0,,true
92953-0,8054945168495,8054945168495,NOLAN,62,Disponivel,2499.9,1562.43,0,,true
15203-7,8054945180817,8054945180817,NOLAN,64,Sob Consulta,2499.9,1562.43,0,,true
10035-9,8054945004915,8054945004915,NOLAN,56,Item não disponivel,2499.9,1562.43,0,,true
10036-6,8054945004922,8054945004922,NOLAN,58,Item não disponivel,2499.9,1562.43,0,,true
10037-3,8054945004939,8054945004939,NOLAN,60,Item não disponivel,2499.9,1562.43,0,,true
10039-7,8054945004946,8054945004946,NOLAN,62,Item não disponivel,2499.9,1562.43,0,,true
10027-4,8054945004830,8054945004830,NOLAN,56,Item não disponivel,2799.9,1749.93,0,,true
10028-1,8054945004847,8054945004847,NOLAN,58,Disponivel,2799.9,1749.93,0,,true
10029-8,8054945004854,8054945004854,NOLAN,60,Item não disponivel,2799.9,1749.93,0,,true
10030-4,8054945004861,8054945004861,NOLAN,62,Item não disponivel,2799.9,1749.93,0,,true
17951-5,,0,NOLAN,56,Item não disponivel,1899.9,1055.5,0,,true
17952-2,,0,NOLAN,58,Item não disponivel,1899.9,1055.5,0,,true
17953-9,,0,NOLAN,60,Item não disponivel,1899.9,1055.5,0,,true
17954-6,,0,NOLAN,62,Item não disponivel,1899.9,1055.5,0,,true
18005-4,,0,NOLAN,56,Item não disponivel,1899.9,1055.5,0,,true
18007-8,,0,NOLAN,58,Item não disponivel,1899.9,1055.5,0,,true
18010-8,,0,NOLAN,60,Item não disponivel,1899.9,1055.5,0,,true
18011-5,,0,NOLAN,62,Item não disponivel,1899.9,1055.5,0,,true
18026-9,,0,NOLAN,56,Item não disponivel,1899.9,1055.5,0,,true
18027-6,,0,NOLAN,58,Item não disponivel,1899.9,1055.5,0,,true
18028-3,,0,NOLAN,60,Item não disponivel,1899.9,1055.5,0,,true
18029-0,,0,NOLAN,62,Item não disponivel,1899.9,1055.5,0,,true
18012-2,,0,NOLAN,56,Sob Consulta,1899.9,1055.5,0,,true
18013-9,,0,NOLAN,58,Item não disponivel,1899.9,1055.5,0,,true
18015-3,,0,NOLAN,60,Item não disponivel,1899.9,1055.5,0,,true
18023-8,,0,NOLAN,62,Item não disponivel,1899.9,1055.5,0,,true
92927-1,8030635036305,8030635036305,NOLAN,56,Item não disponivel,1899.9,1055.5,0,,true
91452-9,,0,NOLAN,58,Item não disponivel,1899.9,1055.5,0,,true
92929-5,8030635040326,8030635040326,NOLAN,60,Item não disponivel,1899.9,1055.5,0,,true
92930-1,8030635031140,8030635031140,NOLAN,62,Item não disponivel,1899.9,1055.5,0,,true
26517-1,,0,NOLAN,56,Disponivel,2199.9,1222.17,0,,true
26518-8,,0,NOLAN,58,Disponivel,2199.9,1222.17,0,,true
26520-1,,0,NOLAN,60,Disponivel,2199.9,1222.17,0,,true
26523-2,,0,NOLAN,62,Disponivel,2199.9,1222.17,0,,true
26498-3,,0,NOLAN,56,Sob Consulta,2399.9,1333.28,0,,true
26502-7,,0,NOLAN,58,Disponivel,2399.9,1333.28,0,,true
26504-1,,0,NOLAN,60,Disponivel,2399.9,1333.28,0,,true
26507-2,,0,NOLAN,62,Sob Consulta,2399.9,1333.28,0,,true
26483-9,,0,NOLAN,56,Disponivel,2399.9,1333.28,0,,true
26495-2,,0,NOLAN,58,Disponivel,2399.9,1333.28,0,,true
26486-0,,0,NOLAN,60,Disponivel,2399.9,1333.28,0,,true
26493-8,,0,NOLAN,62,Disponivel,2399.9,1333.28,0,,true
12366-2,8054945017342,8054945017342,NOLAN,56,Sob Consulta,1799.9,999.94,0,,true
12367-9,8054945017335,8054945017335,NOLAN,58,Item não disponivel,1799.9,999.94,0,,true
12368-6,8054945017144,8054945017144,NOLAN,60,Item não disponivel,1799.9,999.94,0,,true
12369-3,8054945017359,8054945017359,NOLAN,62,Sob Consulta,1799.9,999.94,0,,true
17963-8,,0,NOLAN,56,Disponivel,1999.9,1111.1099999999999,0,,true
17964-5,,0,NOLAN,58,Disponivel,1999.9,1111.1099999999999,0,,true
17965-2,,0,NOLAN,60,Disponivel,1999.9,1111.1099999999999,0,,true
17967-6,,0,NOLAN,62,Sob Consulta,1999.9,1111.1099999999999,0,,true
12370-9,8054945017564,8054945017564,NOLAN,56,Item não disponivel,1799.9,1111.06,0,,true
12371-6,8054945017557,8054945017557,NOLAN,58,Item não disponivel,1799.9,1111.06,0,,true
12372-3,8054945017540,8054945017540,NOLAN,60,Item não disponivel,1799.9,1111.06,0,,true
12373-0,8054945017571,8054945017571,NOLAN,62,Item não disponivel,1799.9,1111.06,0,,true
17955-3,,0,NOLAN,56,Item não disponivel,1999.9,1111.06,0,,true
17956-0,,0,NOLAN,58,Item não disponivel,1999.9,1111.06,0,,true
17957-7,,0,NOLAN,60,Item não disponivel,1999.9,1111.06,0,,true
17958-4,,0,NOLAN,62,Item não disponivel,1999.9,1111.06,0,,true
17959-1,,0,NOLAN,56,Sob Consulta,1999.9,1111.06,0,,true
17960-7,,0,NOLAN,58,Item não disponivel,1999.9,1111.06,0,,true
17961-4,,0,NOLAN,60,Item não disponivel,1999.9,1111.06,0,,true
17962-1,,0,NOLAN,62,Sob Consulta,1999.9,1111.06,0,,true
10764-8,8054945010749,8054945010749,NOLAN,56,Item não disponivel,1599.9,888.83,0,,true
10765-5,,0,NOLAN,58,Item não disponivel,1599.9,888.83,0,,true
10766-2,8054945010770,8054945010770,NOLAN,60,Item não disponivel,1599.9,888.83,0,,true
10767-9,8054945010787,8054945010787,NOLAN,62,Item não disponivel,1599.9,888.83,0,,true
17968-3,,0,NOLAN,56,Item não disponivel,1599.9,888.83,0,,true
17970-6,,0,NOLAN,58,Item não disponivel,1599.9,888.83,0,,true
17971-3,,0,NOLAN,60,Item não disponivel,1599.9,888.83,0,,true
17972-0,,0,NOLAN,62,Item não disponivel,1599.9,888.83,0,,true
14257-1,8054945067422,8054945067422,NOLAN,56,Item não disponivel,1599.9,888.83,0,,true
14258-8,8054945067460,8054945067460,NOLAN,58,Item não disponivel,1599.9,888.83,0,,true
14259-5,8054945067378,8054945067378,NOLAN,60,Item não disponivel,1599.9,888.83,0,,true
14260-1,8054945067507,8054945067507,NOLAN,62,Item não disponivel,1599.9,888.83,0,,true
96926-0,8030635775594,8030635775594,NOLAN,56,Disponivel,1599.9,888.88,0,,true
93310-0,8030635777420,8030635777420,NOLAN,58,Disponivel,1599.9,888.88,0,,true
96927-7,8030635771619,8030635771619,NOLAN,60,Disponivel,1599.9,888.88,0,,true
96928-4,8030635775624,8030635775624,NOLAN,62,Disponivel,1599.9,888.88,0,,true
10051-9,8054945024104,8054945024104,NOLAN,56,Item não disponivel,1599.9,888.83,0,,true
10052-6,8054945024081,8054945024081,NOLAN,58,Item não disponivel,1599.9,888.83,0,,true
10053-3,8054945024074,8054945024074,NOLAN,60,Item não disponivel,1599.9,888.83,0,,true
10054-0,8054945024098,8054945024098,NOLAN,62,Item não disponivel,1599.9,888.83,0,,true
96903-1,8030635783025,8030635783025,NOLAN,56,Sob Consulta,1699.9,944.39,0,,true
96904-8,8030635783872,8030635783872,NOLAN,58,Item não disponivel,1699.9,944.39,0,,true
96905-5,8030635783483,8030635783483,NOLAN,60,Item não disponivel,1699.9,944.39,0,,true
96906-2,8030635782301,8030635782301,NOLAN,62,Item não disponivel,1699.9,944.39,0,,true
18466-3,,0,NOLAN,56,Item não disponivel,2990.9,1661.61,0,,true
18467-0,,0,NOLAN,58,Disponivel,2990.9,1661.61,0,,true
18468-7,,0,NOLAN,60,Disponivel,2990.9,1661.61,0,,true
18469-4,,0,NOLAN,62,Item não disponivel,2990.9,1661.61,0,,true
18458-8,,0,NOLAN,56,Item não disponivel,2990.9,1661.61,0,,true
18459-5,,0,NOLAN,58,Disponivel,2990.9,1661.61,0,,true
18463-2,,0,NOLAN,60,Disponivel,2990.9,1661.61,0,,true
18465-6,,0,NOLAN,62,Sob Consulta,2990.9,1661.61,0,,true
18453-3,,0,NOLAN,56,Item não disponivel,2990.9,1661.61,0,,true
18454-0,,0,NOLAN,58,Disponivel,2990.9,1661.61,0,,true
18455-7,,0,NOLAN,60,Disponivel,2990.9,1661.61,0,,true
18457-1,,0,NOLAN,62,Disponivel,2990.9,1661.61,0,,true
88268-2,8030635907506,8030635907506,NOLAN,56,Item não disponivel,2990.9,1661.61,0,,true
88269-9,8030635907445,8030635907445,NOLAN,58,Disponivel,2990.9,1661.61,0,,true
88270-5,8030635908145,8030635908145,NOLAN,60,Item não disponivel,2990.9,1661.61,0,,true
88271-2,8030635908206,8030635908206,NOLAN,62,Item não disponivel,2990.9,1661.61,0,,true
15206-8,,0,NOLAN,56,Item não disponivel,2990.9,1661.61,0,,true
15207-5,,0,NOLAN,58,Item não disponivel,2990.9,1661.61,0,,true
15208-2,,0,NOLAN,60,Item não disponivel,2990.9,1661.61,0,,true
15209-9,,0,NOLAN,62,Item não disponivel,2990.9,1661.61,0,,true
14277-9,8054945067545,8054945067545,NOLAN,56,Item não disponivel,2990.9,1661.61,0,,true
14278-6,8054945067477,8054945067477,NOLAN,58,Item não disponivel,2990.9,1661.61,0,,true
14279-3,8054945067354,8054945067354,NOLAN,60,Item não disponivel,2990.9,1661.61,0,,true
14280-9,8054945067484,8054945067484,NOLAN,62,Item não disponivel,2990.9,1661.61,0,,true
14269-4,8054945067583,8054945067583,NOLAN,56,Item não disponivel,2990.9,1661.61,0,,true
14270-0,8054945067590,8054945067590,NOLAN,58,Item não disponivel,2990.9,1661.61,0,,true
14271-7,8054945067606,8054945067606,NOLAN,60,Sob Consulta,2990.9,1661.61,0,,true
14272-4,8054945067613,8054945067613,NOLAN,62,Item não disponivel,2990.9,1661.61,0,,true
14273-1,8054945067408,8054945067408,NOLAN,56,Item não disponivel,2990.9,1661.61,0,,true
14274-8,8054945067415,8054945067415,NOLAN,58,Item não disponivel,2990.9,1661.61,0,,true
14275-5,8054945067552,8054945067552,NOLAN,60,Item não disponivel,2990.9,1661.61,0,,true
14276-2,8054945067385,8054945067385,NOLAN,62,Item não disponivel,2990.9,1661.61,0,,true
94779-4,8030635132670,8030635132670,NOLAN,56,Item não disponivel,2990.9,1661.61,0,,true
94780-0,8030635132526,8030635132526,NOLAN,58,Item não disponivel,2990.9,1661.61,0,,true
94781-7,8030635132519,8030635132519,NOLAN,60,Item não disponivel,2990.9,1661.61,0,,true
94782-4,8030635132779,8030635132779,NOLAN,62,Item não disponivel,2990.9,1661.61,0,,true
14249-6,8054945018875,8054945018875,NOLAN,56,Item não disponivel,2999.9,1666.61,0,,true
14250-2,8054945018820,8054945018820,NOLAN,58,Item não disponivel,2999.9,1666.61,0,,true
14251-9,8054945018813,8054945018813,NOLAN,60,Item não disponivel,2999.9,1666.61,0,,true
14252-6,8054945018882,8054945018882,NOLAN,62,Item não disponivel,2999.9,1666.61,0,,true
14245-8,8054945018547,8054945018547,NOLAN,56,Item não disponivel,3299.9,1833.28,0,,true
14246-5,8054945018530,8054945018530,NOLAN,58,Item não disponivel,3299.9,1833.28,0,,true
14247-2,8054945018523,8054945018523,NOLAN,60,Item não disponivel,3299.9,1833.28,0,,true
14248-9,8054945018806,8054945018806,NOLAN,62,Item não disponivel,3299.9,1833.28,0,,true
14239-7,8054945061468,8054945061468,NOLAN,56,Item não disponivel,3299.9,1833.28,0,,true
14240-3,8054945061451,8054945061451,NOLAN,58,Sob Consulta,3299.9,1833.28,0,,true
14241-0,8054945061444,8054945061444,NOLAN,60,Disponivel,3299.9,1833.28,0,,true
14244-1,8054945061475,8054945061475,NOLAN,62,Item não disponivel,3299.9,1833.28,0,,true
25679-7,,0,NOLAN,56,Disponivel,6999.9,3888.83,0,,true
25685-8,,0,NOLAN,58,Disponivel,6999.9,3888.83,0,,true
25686-5,,0,NOLAN,60,Disponivel,6999.9,3888.83,0,,true
25687-2,,0,NOLAN,62,Disponivel,6999.9,3888.83,0,,true
25688-9,,0,NOLAN,56,Disponivel,6999.9,3888.83,0,,true
25689-6,,0,NOLAN,58,Disponivel,6999.9,3888.83,0,,true
25696-4,,0,NOLAN,60,Disponivel,6999.9,3888.83,0,,true
25697-1,,0,NOLAN,62,Disponivel,6999.9,3888.83,0,,true
25698-8,,0,NOLAN,56,Disponivel,6999.9,3888.83,0,,true
25707-7,,0,NOLAN,58,Disponivel,6999.9,3888.83,0,,true
25708-4,,0,NOLAN,60,Disponivel,6999.9,3888.83,0,,true
25716-9,,0,NOLAN,62,Disponivel,6999.9,3888.83,0,,true
16732-1,8054945174526,8054945174526,NOLAN,56,Sob Consulta,6999.9,3888.83,0,,true
16733-8,8054945174519,8054945174519,NOLAN,58,Disponivel,6999.9,3888.83,0,,true
16734-5,8054945174502,8054945174502,NOLAN,60,Item não disponivel,6999.9,3888.83,0,,true
16735-2,8054945174533,8054945174533,NOLAN,62,Item não disponivel,6999.9,3888.83,0,,true
15903-6,8054945174441,8054945174441,NOLAN,56,Item não disponivel,6999.9,3888.83,0,,true
15904-3,8054945174434,8054945174434,NOLAN,58,Item não disponivel,6999.9,3888.83,0,,true
15905-0,8054945174427,8054945174427,NOLAN,60,Item não disponivel,6999.9,3888.83,0,,true
15907-4,8054945174458,8054945174458,NOLAN,62,Item não disponivel,6999.9,3888.83,0,,true
15899-2,8054945174205,8054945174205,NOLAN,56,Disponivel,6999.9,3888.83,0,,true
15900-5,8054945174199,8054945174199,NOLAN,58,Disponivel,6999.9,3888.83,0,,true
15901-2,8054945174182,8054945174182,NOLAN,60,Disponivel,6999.9,3888.83,0,,true
15902-9,8054945174212,8054945174212,NOLAN,62,Sob Consulta,6999.9,3888.83,0,,true
18433-5,,0,NOLAN,56,Item não disponivel,6999.9,3888.83,0,,true
18435-9,,0,NOLAN,58,Item não disponivel,6999.9,3888.83,0,,true
18437-3,,0,NOLAN,60,Item não disponivel,6999.9,3888.83,0,,true
18438-0,,0,NOLAN,62,Item não disponivel,6999.9,3888.83,0,,true
18439-7,,0,NOLAN,56,Sob Consulta,6999.9,3888.83,0,,true
18441-0,,0,NOLAN,58,Disponivel,6999.9,3888.83,0,,true
18442-7,,0,NOLAN,60,Disponivel,6999.9,3888.83,0,,true
18443-4,,0,NOLAN,62,Disponivel,6999.9,3888.83,0,,true
16740-6,8054945174649,8054945174649,NOLAN,56,Sob Consulta,6999.9,3888.83,0,,true
16741-3,8054945174632,8054945174632,NOLAN,58,Item não disponivel,6999.9,3888.83,0,,true
16742-0,8054945174625,8054945174625,NOLAN,60,Item não disponivel,6999.9,3888.83,0,,true
16743-7,,0,NOLAN,62,Item não disponivel,6999.9,3888.83,0,,true
16736-9,8054945174601,8054945174601,NOLAN,56,Sob Consulta,6999.9,3888.83,0,,true
16737-6,8054945174595,8054945174595,NOLAN,58,Item não disponivel,6999.9,3888.83,0,,true
16738-3,8054945174588,8054945174588,NOLAN,60,Item não disponivel,6999.9,3888.83,0,,true
16739-0,,0,NOLAN,62,Item não disponivel,6999.9,3888.83,0,,true
14222-9,8054945016819,8054945016819,NOLAN,56,Item não disponivel,6999.9,3888.83,0,,true
14223-6,8054945016796,8054945016796,NOLAN,58,Item não disponivel,6999.9,3888.83,0,,true
14224-3,8054945016789,8054945016789,NOLAN,60,Item não disponivel,6999.9,3888.83,0,,true
14225-0,8054945017052,8054945017052,NOLAN,62,Item não disponivel,6999.9,3888.83,0,,true
14230-4,8054945017120,8054945017120,NOLAN,56,Item não disponivel,6999.9,3888.83,0,,true
14231-1,8054945017113,8054945017113,NOLAN,58,Item não disponivel,6999.9,3888.83,0,,true
14232-8,8054945017106,8054945017106,NOLAN,60,Item não disponivel,6999.9,3888.83,0,,true
14233-5,8054945017137,8054945017137,NOLAN,62,Item não disponivel,6999.9,3888.83,0,,true
12410-2,8054945063028,VISEIRA NOLAN N120-1 CRISTAL,NOLAN,S / M,Item não disponivel,399.9,222.17,0,,true
12411-9,8054945063035,VISEIRA NOLAN N120-1 CRISTAL,NOLAN,L / XL,Sob Consulta,399.9,222.17,0,,true
23637-9,8030635182507,VISEIRA NOLAN CRISTAL N90/N91,NOLAN,U,Item não disponivel,299.89999999999998,166.61,0,,true
72998-7,,VISEIRA NOLAN VERDE ESCURO N90/N91,NOLAN,U,Disponivel,390,222.85,0,,true
22769-8,,VISEIRA NOLAN N-103 CRISTAL,NOLAN,U,Disponivel,290,162,0,,true
97660-2,,VISEIRA NOLAN N-104 CRISTAL,NOLAN,L/XL/2XL,Sob Consulta,290,162,0,,true
22770-4,,VISEIRA NOLAN N-104 CRISTAL,NOLAN,XXS/XS/S/M,Disponivel,290,162,0,,true
72993-2,8030635440201,VISEIRA NOLAN N21 CRISTAL,NOLAN,U,Item não disponivel,219,122,0,,true
78808-3,8030635396539,VISEIRA NOLAN N40 CRISTAL,NOLAN,U,Disponivel,299.89999999999998,166.61,0,,true
72990-1,,VISEIRA NOLAN N40 FUME VERDE ESCURO,NOLAN,U,Disponivel,290,165.71,0,,true
27804-1,,VISEIRA NOLAN N-64 AZUL ESPELHADA,NOLAN,U,Disponivel,99.9,55.5,0,,true
85731-4,,VISEIRA NOLAN N-64 FUME CLARA,NOLAN,U,Item não disponivel,99.9,54.5,0,,true
22772-8,,VISEIRA NOLAN N-64 FUME VERDE ESCURO,NOLAN,U,Disponivel,99.9,54.5,0,,true
27803-4,,VISEIRA NOLAN N-64 PRATA ESPELHADA,NOLAN,U,Disponivel,99.9,54.5,0,,true
86697-2,8030635468519,VISEIRA NOLAN N70 CRISTAL,NOLAN,L/XL/2XL,Disponivel,329.9,183.28,0,,true
86696-5,8030635466911,VISEIRA NOLAN N70 CRISTAL,NOLAN,XXS/XS/S/M,Disponivel,329.9,183.28,0,,true
29060-9,8030635143782,VISEIRA NOLAN N87/N87PLUS/N60-6 FUME VERDE ESCURO,NOLAN,U,Item não disponivel,329.9,183.28,0,,true
72999-4,8030635143805,VISEIRA NOLAN N87/N87PLUS/N60-6 AZUL METALICO,NOLAN,U,Item não disponivel,389.9,216.61,0,,true
27814-0,8030635143799,VISEIRA NOLAN N87/N87PLUS/N60-6 PRATA ESPELHADA,NOLAN,U,Item não disponivel,389.9,216.61,0,,true
16774-1,8054945186758,VISEIRA NOLAN N80-8/87/PLUS/60-6 FIRE ORANGE,NOLAN,U,Item não disponivel,389.9,216.61,0,,true
27816-4,8030635749984,VISEIRA NOLAN N87 CRISTAL,NOLAN,U,Item não disponivel,329.9,183.28,0,,true
14220-5,8054945049725,PINLOCK NOLAN                          N120-1,NOLAN,XXS-M,Disponivel,299.89999999999998,166.61,0,,true
14221-2,8054945049732,PINLOCK NOLAN                          N120-1,NOLAN,L-XXL,Disponivel,299.89999999999998,166.61,0,,true
80726-5,8030635825060,PINLOCK NOLAN                          N100-5/102/104/90-3,NOLAN,U,#NAME?,239.9,133.28,0,,true
97659-6,,PINLOCK NOLAN N104,NOLAN,L/XL/2XL,Disponivel,230,135,0,,true
22297-6,,PINLOCK NOLAN N104,NOLAN,XXS/XS/S/M,Disponivel,230,135,0,,true
85690-4,,PINLOCK NOLAN N64,NOLAN,U,Disponivel,104.93,59,0,,true
86770-2,8030635519037,PINLOCK NOLAN N70,NOLAN,U,Disponivel,239.9,133.28,0,,true
22302-7,,PINLOCK NOLAN N87,NOLAN,U,Item não disponivel,230,131.41999999999999,0,,true
27862-1,,BAVETE NOLAN N64 (84/83/82/63/62/61/G6.1),NOLAN,U,Disponivel,79,44,0,,true
96293-3,,BAVETE NOLAN N87,NOLAN,U,Disponivel,79,44,0,,true
86919-5,8030635881608,FORRO NOLAN CRANIO N100-5 PRETO/VERMELHO,NOLAN,58,Item não disponivel,350,200,0,,true
86920-1,8030635881615,FORRO NOLAN CRANIO N100-5 PRETO/VERMELHO,NOLAN,60,Item não disponivel,350,200,0,,true
86923-2,8030635881622,FORRO NOLAN CRANIO N100-5 PRETO/VERMELHO,NOLAN,62/64,#NAME?,350,200,0,,true
22658-5,,0,NZI,56,Item não disponivel,499.9,262,0,,true
22659-2,,0,NZI,58,Disponivel,499.9,262,0,,true
22660-8,,0,NZI,60,Disponivel,499.9,262,0,,true
22661-5,,0,NZI,62,Sob Consulta,499.9,262,0,,true
22664-6,,0,NZI,64,Item não disponivel,499.9,262,0,,true
22638-7,,0,NZI,56,Item não disponivel,499.9,262,0,,true
22643-1,,0,NZI,58,Item não disponivel,499.9,262,0,,true
22645-5,,0,NZI,60,Item não disponivel,499.9,262,0,,true
22646-2,,0,NZI,62,Item não disponivel,499.9,262,0,,true
22657-8,,0,NZI,64,Item não disponivel,499.9,262,0,,true
22633-2,,0,NZI,56,Item não disponivel,399.9,210,0,,true
22634-9,,0,NZI,58,Sob Consulta,399.9,210,0,,true
22635-6,,0,NZI,60,Item não disponivel,399.9,210,0,,true
22637-0,,0,NZI,62,Item não disponivel,399.9,210,0,,true
22586-1,,0,NZI,56,Disponivel,699.9,367.89,0,,true
22593-9,,0,NZI,58,Disponivel,699.9,367.89,0,,true
22597-7,,0,NZI,60,Disponivel,699.9,367.89,0,,true
22598-4,,0,NZI,62,Disponivel,699.9,367.89,0,,true
22604-2,,0,NZI,56,Disponivel,699.9,367.89,0,,true
22622-6,,0,NZI,58,Disponivel,699.9,367.89,0,,true
22626-4,,0,NZI,60,Disponivel,699.9,367.89,0,,true
22627-1,,0,NZI,62,Disponivel,699.9,367.89,0,,true
22537-3,,0,NZI,56,Disponivel,699.9,367.89,0,,true
22564-9,,0,NZI,58,Disponivel,699.9,367.89,0,,true
22568-7,,0,NZI,60,Disponivel,699.9,367.89,0,,true
22570-0,,0,NZI,62,Disponivel,699.9,367.89,0,,true
22573-1,,0,NZI,64,Disponivel,699.9,367.89,0,,true
25674-2,,0,NZI,56,Disponivel,699.99,368.42,0,,true
25675-9,,0,NZI,58,Disponivel,699.99,368.42,0,,true
25676-6,,0,NZI,60,Disponivel,699.99,368.42,0,,true
25640-7,,0,NZI,56,Disponivel,699.99,368.42,0,,true
25641-4,,0,NZI,58,Disponivel,699.99,368.42,0,,true
25642-1,,0,NZI,60,Disponivel,699.99,368.42,0,,true
25643-8,,0,NZI,56,Disponivel,699.99,368.42,0,,true
25645-2,,0,NZI,58,Disponivel,699.99,368.42,0,,true
25646-9,,0,NZI,60,Disponivel,699.99,368.42,0,,true
25647-6,,0,NZI,56,Disponivel,699.99,368.42,0,,true
25648-3,,0,NZI,58,Disponivel,699.99,368.42,0,,true
25653-7,,0,NZI,60,Disponivel,699.99,368.42,0,,true
25655-1,,0,NZI,62,Disponivel,699.99,368.42,0,,true
25659-9,,0,NZI,64,Disponivel,699.99,368.42,0,,true
25661-2,,0,NZI,56,Disponivel,699.99,368.42,0,,true
25662-9,,0,NZI,58,Disponivel,699.99,368.42,0,,true
25663-6,,0,NZI,60,Disponivel,699.99,368.42,0,,true
25668-1,,0,NZI,62,Disponivel,699.99,368.42,0,,true
25671-1,,0,NZI,64,Disponivel,699.99,368.42,0,,true
16662-1,8435734044006,8435734044006,NZI,56,Disponivel,599.99,315.77999999999997,0,,true
16663-8,8435734044013,8435734044013,NZI,58,Disponivel,599.99,315.77999999999997,0,,true
16664-5,8435734044020,8435734044020,NZI,60,Sob Consulta,599.99,315.77999999999997,0,,true
16665-2,8435734044037,8435734044037,NZI,62,Item não disponivel,599.99,315.77999999999997,0,,true
18321-5,8435734057686,8435734057686,NZI,56,Item não disponivel,599.99,315.77999999999997,0,,true
18322-2,8435734057693,8435734057693,NZI,58,Item não disponivel,599.99,315.77999999999997,0,,true
18323-9,8435734057709,8435734057709,NZI,60,Item não disponivel,599.99,315.77999999999997,0,,true
18324-6,8435734057716,8435734057716,NZI,62,Disponivel,599.99,315.77999999999997,0,,true
18325-3,8435734057204,8435734057204,NZI,56,Sob Consulta,599.99,315.77999999999997,0,,true
18326-0,8435734057211,8435734057211,NZI,58,Disponivel,599.99,315.77999999999997,0,,true
18327-7,8435734057228,8435734057228,NZI,60,Item não disponivel,599.99,315.77999999999997,0,,true
18328-4,8435734057235,8435734057235,NZI,62,Item não disponivel,599.99,315.77999999999997,0,,true
18311-6,8435734066008,8435734066008,NZI,56,Sob Consulta,599.99,315.77999999999997,0,,true
18317-8,8435734066015,8435734066015,NZI,58,Disponivel,599.99,315.77999999999997,0,,true
18319-2,8435734066022,8435734066022,NZI,60,Disponivel,599.99,315.77999999999997,0,,true
18320-8,8435734066039,8435734066039,NZI,62,Item não disponivel,599.99,315.77999999999997,0,,true
18303-1,8435734065872,CAPACETE NZI TRENDY3 STREAM CONNECTED VIOLETA/VERMELHO/NEON,NZI,54,Sob Consulta,599.99,315.77999999999997,0,,true
18305-5,8435734065889,8435734065889,NZI,56,Disponivel,599.99,315.77999999999997,0,,true
18306-2,8435734065896,8435734065896,NZI,58,Disponivel,599.99,315.77999999999997,0,,true
16644-7,8435734044068,8435734044068,NZI,56,Disponivel,599.99,315.77999999999997,0,,true
16645-4,8435734044075,8435734044075,NZI,58,Disponivel,599.99,315.77999999999997,0,,true
16646-1,8435734044082,8435734044082,NZI,60,Item não disponivel,599.99,315.77999999999997,0,,true
16647-8,8435734044099,8435734044099,NZI,62,Item não disponivel,599.99,315.77999999999997,0,,true
16666-9,8435734044129,8435734044129,NZI,56,Disponivel,599.99,315.77999999999997,0,,true
16667-6,8435734044136,8435734044136,NZI,58,Disponivel,599.99,315.77999999999997,0,,true
16669-0,8435734044143,8435734044143,NZI,60,Item não disponivel,599.99,315.77999999999997,0,,true
16673-7,8435734044150,8435734044150,NZI,62,Item não disponivel,599.99,315.77999999999997,0,,true
16683-6,8435734044297,CAPACETE NZI TRENDY3 STREAM PRETO FOSCO     (SPOILER + VISEIRA FUMÊ),NZI,54,Item não disponivel,599.99,315.77999999999997,0,,true
16684-3,8435734044303,8435734044303,NZI,56,Disponivel,599.99,315.77999999999997,0,,true
16685-0,8435734044310,8435734044310,NZI,58,Disponivel,599.99,315.77999999999997,0,,true
16686-7,8435734044327,8435734044327,NZI,60,Disponivel,599.99,315.77999999999997,0,,true
16687-4,8435734044334,8435734044334,NZI,62,Item não disponivel,599.99,315.77999999999997,0,,true
18609-4,8435734065827,8435734065827,NZI,56,Item não disponivel,599.99,315.77999999999997,0,,true
18610-0,8435734065834,8435734065834,NZI,58,Disponivel,599.99,315.77999999999997,0,,true
18611-7,8435734065841,8435734065841,NZI,60,Disponivel,599.99,315.77999999999997,0,,true
18612-4,8435734065858,8435734065858,NZI,62,Item não disponivel,599.99,315.77999999999997,0,,true
17101-4,8435734044174,CAPACETE NZI TRENDY3 STREAM ROXO/ROSA FOSCO                                                  (SPOILER + VISEIRA FUMÊ),NZI,54,Sob Consulta,599.99,315.77999999999997,0,,true
17102-1,8435734044181,8435734044181,NZI,56,Disponivel,599.99,315.77999999999997,0,,true
17103-8,8435734044198,8435734044198,NZI,58,Sob Consulta,599.99,315.77999999999997,0,,true
17104-5,,0,NZI,60,Item não disponivel,599.99,315.77999999999997,0,,true
16679-9,8435734044242,8435734044242,NZI,56,Item não disponivel,599.99,315.77999999999997,0,,true
16680-5,8435734044259,8435734044259,NZI,58,Disponivel,599.99,315.77999999999997,0,,true
16681-2,8435734044266,8435734044266,NZI,60,Item não disponivel,599.99,315.77999999999997,0,,true
16682-9,8435734044273,8435734044273,NZI,62,Item não disponivel,599.99,315.77999999999997,0,,true
17105-2,,CAPACETE NZI TRENDY3 STREAM CANADIAN ROXO/PRETO                          (SPOILER + VISEIRA FUMÊ),NZI,54,Item não disponivel,599.99,315.77999999999997,0,,true
17106-9,8435734048165,8435734048165,NZI,56,Item não disponivel,599.99,315.77999999999997,0,,true
17107-6,8435734048172,8435734048172,NZI,58,Item não disponivel,599.99,315.77999999999997,0,,true
17108-3,8435734048226,8435734048226,NZI,56,Disponivel,599.99,315.77999999999997,0,,true
17109-0,8435734048233,8435734048233,NZI,58,Disponivel,599.99,315.77999999999997,0,,true
17110-6,8435734048240,8435734048240,NZI,60,Item não disponivel,599.99,315.77999999999997,0,,true
17111-3,8435734048257,8435734048257,NZI,62,Item não disponivel,599.99,315.77999999999997,0,,true
17112-0,8435734048288,8435734048288,NZI,56,Disponivel,599.99,315.77999999999997,0,,true
17113-7,8435734048295,8435734048295,NZI,58,Disponivel,599.99,315.77999999999997,0,,true
17114-4,8435734048301,8435734048301,NZI,60,Item não disponivel,599.99,315.77999999999997,0,,true
17118-2,8435734048318,8435734048318,NZI,62,Item não disponivel,599.99,315.77999999999997,0,,true
18283-6,8435734042187,8435734042187,NZI,56,Item não disponivel,799.9,421.04,0,,true
18284-3,8435734042194,8435734042194,NZI,58,Item não disponivel,799.9,421.04,0,,true
18287-4,8435734042200,8435734042200,NZI,60,Item não disponivel,799.9,421.04,0,,true
18288-1,8435734042217,8435734042217,NZI,62,Disponivel,799.9,421.04,0,,true
18289-8,8435734042224,8435734042224,NZI,64,Item não disponivel,799.9,421.04,0,,true
22236-5,,0,NZI,56,Item não disponivel,799.9,421.04,0,,true
22238-9,,0,NZI,58,Item não disponivel,799.9,421.04,0,,true
22243-3,,0,NZI,60,Item não disponivel,799.9,421.04,0,,true
22247-1,,0,NZI,62,Item não disponivel,799.9,421.04,0,,true
18292-8,8435734042125,8435734042125,NZI,56,Item não disponivel,799.9,421.04,0,,true
18294-2,8435734042132,8435734042132,NZI,58,Disponivel,799.9,421.04,0,,true
18300-0,8435734042149,8435734042149,NZI,60,Disponivel,799.9,421.04,0,,true
18301-7,8435734042156,8435734042156,NZI,62,Disponivel,799.9,421.04,0,,true
18302-4,8435734042163,8435734042163,NZI,64,Item não disponivel,799.9,421.04,0,,true
18267-6,8435734065469,8435734065469,NZI,56,Item não disponivel,799.9,421.04,0,,true
18268-3,8435734065476,8435734065476,NZI,58,Item não disponivel,799.9,421.04,0,,true
18269-0,8435734065483,8435734065483,NZI,60,Disponivel,799.9,421.04,0,,true
18270-6,8435734065490,8435734065490,NZI,62,Sob Consulta,799.9,421.04,0,,true
22212-9,,0,NZI,64,Item não disponivel,799.9,421.04,0,,true
22216-7,,0,NZI,56,Item não disponivel,799.9,421.04,0,,true
22217-4,,0,NZI,58,Sob Consulta,799.9,421.04,0,,true
24465-7,,0,NZI,60,Item não disponivel,799.9,421.04,0,,true
22225-9,,0,NZI,62,Item não disponivel,799.9,421.04,0,,true
22227-3,,0,NZI,64,Item não disponivel,799.9,421.04,0,,true
18262-1,8435734065346,8435734065346,NZI,56,Item não disponivel,799.9,421.04,0,,true
18263-8,8435734065353,8435734065353,NZI,58,Item não disponivel,799.9,421.04,0,,true
18264-5,8435734065360,8435734065360,NZI,60,Item não disponivel,799.9,421.04,0,,true
18265-2,8435734065377,8435734065377,NZI,62,Item não disponivel,799.9,421.04,0,,true
18277-5,8435734058348,8435734058348,NZI,56,Disponivel,799.9,421.04,0,,true
18278-2,8435734058355,8435734058355,NZI,58,Disponivel,799.9,421.04,0,,true
18282-9,8435734058362,8435734058362,NZI,60,Disponivel,799.9,421.04,0,,true
22228-0,,0,NZI,56,Item não disponivel,799.9,421.04,0,,true
22230-3,,0,NZI,58,Item não disponivel,799.9,421.04,0,,true
22235-8,,0,NZI,60,Sob Consulta,799.9,421.04,0,,true
18271-3,8435734065643,8435734065643,NZI,56,Item não disponivel,799.9,421.04,0,,true
18272-0,8435734065650,8435734065650,NZI,58,Disponivel,799.9,421.04,0,,true
18273-7,8435734065667,8435734065667,NZI,60,Disponivel,799.9,421.04,0,,true
18274-4,8435734065674,8435734065674,NZI,62,Disponivel,799.9,421.04,0,,true
18276-8,8435734065681,8435734065681,NZI,64,Item não disponivel,799.9,421.04,0,,true
18257-7,8435734042064,8435734042064,NZI,56,Item não disponivel,799.9,421.04,0,,true
18258-4,8435734042071,8435734042071,NZI,58,Item não disponivel,799.9,421.04,0,,true
18259-1,8435734042088,8435734042088,NZI,60,Item não disponivel,799.9,421.04,0,,true
18260-7,8435734042095,8435734042095,NZI,62,Item não disponivel,799.9,421.04,0,,true
18261-4,8435734042101,8435734042101,NZI,64,Item não disponivel,799.9,421.04,0,,true
96359-6,8435611235343,8435611235343,NZI,56,Disponivel,499.99,263.14999999999998,0,,true
96360-2,8435611235350,8435611235350,NZI,58,Disponivel,499.99,263.14999999999998,0,,true
96361-9,8435611235367,8435611235367,NZI,60,Item não disponivel,499.99,263.14999999999998,0,,true
96362-6,8435611235374,8435611235374,NZI,62,Item não disponivel,499.99,263.14999999999998,0,,true
22278-5,,0,NZI,56,Disponivel,499.9,263.14999999999998,0,,true
22280-8,,0,NZI,58,Disponivel,499.9,263.14999999999998,0,,true
22281-5,,0,NZI,60,Disponivel,499.9,263.14999999999998,0,,true
22293-8,,0,NZI,62,Sob Consulta,499.9,263.14999999999998,0,,true
88722-9,8435611280893,8435611280893,NZI,56,Disponivel,499.99,263.14999999999998,0,,true
88723-6,8435611280909,8435611280909,NZI,58,Disponivel,499.99,263.14999999999998,0,,true
88724-3,8435611280916,8435611280916,NZI,60,Item não disponivel,499.99,263.14999999999998,0,,true
88725-0,8435611280923,8435611280923,NZI,62,Item não disponivel,499.99,263.14999999999998,0,,true
88742-7,8435611218377,CAPACETE NZI TRENDY IT PRETO/VERMELHO,NZI,54,Item não disponivel,499.99,263.14999999999998,0,,true
88743-4,8435611218384,8435611218384,NZI,56,Disponivel,499.99,263.14999999999998,0,,true
88744-1,8435611218391,8435611218391,NZI,58,Disponivel,499.99,263.14999999999998,0,,true
88745-8,8435611218407,8435611218407,NZI,60,Item não disponivel,499.99,263.14999999999998,0,,true
88746-5,8435611218414,8435611218414,NZI,62,Item não disponivel,499.99,263.14999999999998,0,,true
88747-2,8435611218490,CAPACETE NZI TRENDY IT PRETO/ROSA,NZI,54,Item não disponivel,499.99,263.14999999999998,0,,true
88754-0,8435611218506,8435611218506,NZI,56,Item não disponivel,499.99,263.14999999999998,0,,true
88755-7,8435611218513,8435611218513,NZI,58,Item não disponivel,499.99,263.14999999999998,0,,true
88757-1,8435611218520,8435611218520,NZI,60,Item não disponivel,499.99,263.14999999999998,0,,true
88758-8,8435611218537,8435611218537,NZI,62,Item não disponivel,499.99,263.14999999999998,0,,true
25634-6,,0,NZI,56,Disponivel,799.9,421.04,0,,true
25635-3,,0,NZI,58,Disponivel,799.9,421.04,0,,true
25637-7,,0,NZI,60,Disponivel,799.9,421.04,0,,true
25638-4,,0,NZI,62,Disponivel,799.9,421.04,0,,true
25639-1,,0,NZI,64,Disponivel,799.9,421.04,0,,true
16616-4,8435611267382,8435611267382,NZI,56,Disponivel,799.9,421.04,0,,true
16617-1,8435611267399,8435611267399,NZI,58,Disponivel,799.9,421.04,0,,true
16618-8,8435611267405,8435611267405,NZI,60,Disponivel,799.9,421.04,0,,true
16619-5,8435611267412,8435611267412,NZI,62,Item não disponivel,799.9,421.04,0,,true
16620-1,8435611267429,8435611267429,NZI,64,Item não disponivel,799.9,421.04,0,,true
16639-3,8435611295477,8435611295477,NZI,56,Disponivel,799.9,421.04,0,,true
16640-9,8435611295484,8435611295484,NZI,58,Disponivel,799.9,421.04,0,,true
16641-6,8435611295491,8435611295491,NZI,60,Disponivel,799.9,421.04,0,,true
16642-3,8435611295507,8435611295507,NZI,62,Disponivel,799.9,421.04,0,,true
16643-0,8435611295514,8435611295514,NZI,64,Disponivel,799.9,421.04,0,,true
16622-5,8435611268099,CAPACETE NZI GO RIDER SÃO CINZA/ROXO FOSCO,NZI,54,Item não disponivel,799.9,421.04,0,,true
16623-2,8435611268105,8435611268105,NZI,56,Disponivel,799.9,421.04,0,,true
16624-9,8435611268112,8435611268112,NZI,58,Disponivel,799.9,421.04,0,,true
16625-6,8435611268129,8435611268129,NZI,60,Sob Consulta,799.9,421.04,0,,true
16629-4,8435611232199,8435611232199,NZI,56,Disponivel,799.9,421.04,0,,true
16630-0,8435611232205,8435611232205,NZI,58,Disponivel,799.9,421.04,0,,true
16632-4,8435611232212,8435611232212,NZI,60,Sob Consulta,799.9,421.04,0,,true
16633-1,8435611232229,8435611232229,NZI,62,Item não disponivel,799.9,421.04,0,,true
16635-5,8435611232236,8435611232236,NZI,64,Sob Consulta,799.9,421.04,0,,true
16626-3,8435734043931,8435734043931,NZI,56,Disponivel,799.9,421.04,0,,true
16627-0,8435734043948,8435734043948,NZI,58,Disponivel,799.9,421.04,0,,true
16628-7,8435734043955,8435734043955,NZI,60,Disponivel,799.9,421.04,0,,true
16613-3,8435611231413,8435611231413,NZI,56,Disponivel,799.9,421.04,0,,true
16614-0,8435611231420,8435611231420,NZI,58,Disponivel,799.9,421.04,0,,true
16615-7,8435611231437,8435611231437,NZI,60,Sob Consulta,799.9,421.04,0,,true
17090-1,8435734032898,8435734032898,NZI,56,Disponivel,799.9,421.04,0,,true
17091-8,8435734032904,8435734032904,NZI,58,Disponivel,799.9,421.04,0,,true
17092-5,8435734032911,8435734032911,NZI,60,Disponivel,799.9,421.04,0,,true
17093-2,8435734032928,8435734032928,NZI,62,Disponivel,799.9,421.04,0,,true
17094-9,8435734032935,8435734032935,NZI,64,Item não disponivel,799.9,421.04,0,,true
17086-4,8435734048080,CAPACETE NZI GO RIDER QUADRI PRETO/CINZA/ROXO,NZI,54,Item não disponivel,0,0,0,,true
17087-1,8435734048097,8435734048097,NZI,56,Item não disponivel,799.9,421.04,0,,true
17088-8,8435734048103,8435734048103,NZI,58,Item não disponivel,799.9,421.04,0,,true
17089-5,8435734048110,8435734048110,NZI,60,Item não disponivel,799.9,421.04,0,,true
17095-6,8435734033246,8435734033246,NZI,56,Item não disponivel,799.9,421.04,0,,true
17096-3,8435734033253,8435734033253,NZI,58,Item não disponivel,799.9,421.04,0,,true
17097-0,8435734033260,8435734033260,NZI,60,Item não disponivel,799.9,421.04,0,,true
17098-7,8435734033277,8435734033277,NZI,62,Sob Consulta,799.9,421.04,0,,true
17099-4,8435734033284,8435734033284,NZI,64,Item não disponivel,799.9,421.04,0,,true
93445-9,8435611228468,8435611228468,NZI,56,Disponivel,699.99,368.42,0,,true
93446-6,8435611228475,8435611228475,NZI,58,Disponivel,699.99,368.42,0,,true
93447-3,8435611228482,8435611228482,NZI,60,Item não disponivel,699.99,368.42,0,,true
93448-0,8435611228499,8435611228499,NZI,62,Item não disponivel,699.99,368.42,0,,true
16656-0,8435611228505,8435611228505,NZI,64,Item não disponivel,699.99,368.42,0,,true
93473-2,8435611234797,8435611234797,NZI,56,Sob Consulta,549.9,289.47000000000003,0,,true
93474-9,8435611234803,8435611234803,NZI,58,Item não disponivel,549.9,289.47000000000003,0,,true
93475-6,8435611234810,8435611234810,NZI,60,Disponivel,549.9,289.47000000000003,0,,true
93476-3,8435611234827,8435611234827,NZI,62,Item não disponivel,549.9,289.47000000000003,0,,true
96363-3,8435413177629,8435413177629,NZI,56,Disponivel,549.9,289.47000000000003,0,,true
96364-0,8435413177636,8435413177636,NZI,58,Disponivel,549.9,289.47000000000003,0,,true
96365-7,8435413177643,8435413177643,NZI,60,Item não disponivel,549.9,289.47000000000003,0,,true
96366-4,8435413177650,8435413177650,NZI,62,Item não disponivel,549.9,289.47000000000003,0,,true
93469-5,8435413177902,8435413177902,NZI,56,Item não disponivel,549.9,289.47000000000003,0,,true
93470-1,8435413177919,8435413177919,NZI,58,Sob Consulta,549.9,289.47000000000003,0,,true
93471-8,8435413177926,8435413177926,NZI,60,Item não disponivel,549.9,289.47000000000003,0,,true
93472-5,8435413177933,8435413177933,NZI,62,Item não disponivel,549.9,289.47000000000003,0,,true
93465-7,8435611250766,8435611250766,NZI,56,Item não disponivel,549.9,289.47000000000003,0,,true
93466-4,8435611250773,8435611250773,NZI,58,Item não disponivel,549.9,289.47000000000003,0,,true
93467-1,8435611250780,8435611250780,NZI,60,Item não disponivel,549.9,289.47000000000003,0,,true
93468-8,8435611250797,8435611250797,NZI,62,Item não disponivel,549.9,289.47000000000003,0,,true
93461-9,8435611234650,8435611234650,NZI,56,Item não disponivel,549.9,289.47000000000003,0,,true
93462-6,8435611234667,8435611234667,NZI,58,Item não disponivel,549.9,289.47000000000003,0,,true
93463-3,8435611234674,8435611234674,NZI,60,Disponivel,549.9,289.47000000000003,0,,true
93464-0,8435611234681,8435611234681,NZI,62,Item não disponivel,549.9,289.47000000000003,0,,true
96349-7,8435611250605,8435611250605,NZI,56,Disponivel,549.9,289.47000000000003,0,,true
96350-3,8435611250612,8435611250612,NZI,58,Disponivel,549.9,289.47000000000003,0,,true
96351-0,8435611250629,8435611250629,NZI,60,Disponivel,549.9,289.47000000000003,0,,true
96352-7,8435611250636,8435611250636,NZI,62,Item não disponivel,549.9,289.47000000000003,0,,true
96841-6,8435611286802,8435611286802,NZI,56,Sob Consulta,549.9,289.47000000000003,0,,true
96842-3,8435611286819,8435611286819,NZI,58,Sob Consulta,549.9,289.47000000000003,0,,true
96843-0,8435611286826,8435611286826,NZI,60,Item não disponivel,549.9,289.47000000000003,0,,true
96844-7,8435611286833,8435611286833,NZI,62,Item não disponivel,549.9,289.47000000000003,0,,true
96845-4,8435611286871,8435611286871,NZI,56,Disponivel,549.9,289.47000000000003,0,,true
96846-1,8435611286888,8435611286888,NZI,58,Disponivel,549.9,289.47000000000003,0,,true
96847-8,8435611286895,8435611286895,NZI,60,Disponivel,549.9,289.47000000000003,0,,true
96848-5,8435611286901,8435611286901,NZI,62,Disponivel,549.9,289.47000000000003,0,,true
96853-9,8435611287083,8435611287083,NZI,56,Disponivel,549.9,289.47000000000003,0,,true
96854-6,8435611287090,8435611287090,NZI,58,Disponivel,549.9,289.47000000000003,0,,true
96855-3,8435611287106,8435611287106,NZI,60,Disponivel,549.9,289.47000000000003,0,,true
96856-0,8435611287113,8435611287113,NZI,62,Disponivel,549.9,289.47000000000003,0,,true
96868-3,8435611286949,8435611286949,NZI,56,Disponivel,549.9,289.47000000000003,0,,true
96869-0,8435611286956,8435611286956,NZI,58,Disponivel,549.9,289.47000000000003,0,,true
96870-6,8435611286963,8435611286963,NZI,60,Disponivel,549.9,289.47000000000003,0,,true
96871-3,8435611286970,8435611286970,NZI,62,Disponivel,549.9,289.47000000000003,0,,true
96861-4,8435611287229,8435611287229,NZI,56,Item não disponivel,549.9,289.47000000000003,0,,true
96862-1,8435611287236,8435611287236,NZI,58,Item não disponivel,549.9,289.47000000000003,0,,true
96863-8,8435611287243,8435611287243,NZI,60,Disponivel,549.9,289.47000000000003,0,,true
96864-5,8435611287250,8435611287250,NZI,62,Disponivel,549.9,289.47000000000003,0,,true
96857-7,8435611287151,8435611287151,NZI,56,Disponivel,549.9,289.47000000000003,0,,true
96858-4,8435611287168,8435611287168,NZI,58,Disponivel,549.9,289.47000000000003,0,,true
96859-1,8435611287175,8435611287175,NZI,60,Disponivel,549.9,289.47000000000003,0,,true
96860-7,8435611287182,8435611287182,NZI,62,Disponivel,549.9,289.47000000000003,0,,true
84664-6,,VISEIRA NZI COMBI CRISTAL,NZI,U,Item não disponivel,99.99,52.62,0,,true
93477-0,,VISEIRA NZI RINGWAY DUO CRISTAL,NZI,U,Item não disponivel,99.99,52.62,0,,true
93478-7,,VISEIRA NZI RINGWAY DUO FUME,NZI,U,Item não disponivel,99.99,52.62,0,,true
91008-8,,VISEIRA NZI TRENDY CRISTAL,NZI,U,Disponivel,99.99,52.62,0,,true
91010-1,,VISEIRA NZI TRENDY AZUL,NZI,U,Disponivel,99.99,52.62,0,,true
91009-5,,VISEIRA NZI TRENDY FUME,NZI,U,Item não disponivel,99.99,52.62,0,,true
91011-8,,VISEIRA NZI TRENDY PRATA,NZI,U,Item não disponivel,99.99,52.62,0,,true
81897-1,8435413128669,VISEIRA NZI FUSION/SYMBIO FUME,NZI,U,Item não disponivel,99.99,52.62,0,,true
93479-4,,VISEIRA NZI SOLAR COMBI 2,NZI,U,Disponivel,99.99,52.62,0,,true
93496-1,,VISEIRA NZI SOLAR SYMBIO,NZI,U,Disponivel,99.99,52.62,0,,true
94974-3,,MECANISMO VISEIRA NZI TRENDY,NZI,U,Item não disponivel,59.9,0,0,,true
93480-0,,MECANISMO VISEIRA NZI COMBI 2,NZI,U,Item não disponivel,40,21.05,0,,true
93497-8,,MECANISMO LATERAL VISEIRA NZI FUSION/SYMBIO,NZI,U,Item não disponivel,60,32,0,,true
93498-5,,NARIGUEIRA NZI FUSION/SYMBIO,NZI,U,Disponivel,29.9,16,0,,true
93495-4,,BAVETE NZI COMBI 2,NZI,U,Disponivel,30,0,0,,true
97572-8,,BAVETE NZI TRENDY,NZI,U,Disponivel,39.9,21,0,,true
25633-9,,Lançamento Nacar,WEEPRO,,Disponivel,99.99,55.55,0,,true
20435-4,5600427131407,5600427131407,NEXX,56,Sob Consulta,3999.9,2222.16,0,,true
20437-8,5600427131414,5600427131414,NEXX,58,Disponivel,3999.9,2222.16,0,,true
20441-5,5600427131421,5600427131421,NEXX,60,Sob Consulta,3999.9,2222.16,0,,true
20444-6,5600427131438,5600427131438,NEXX,62,Item não disponivel,3999.9,2222.16,0,,true
12733-2,5600427115117,5600427115117,NEXX,56,Item não disponivel,3999.9,2222.16,0,,true
12152-1,5600427115100,5600427115100,NEXX,58,Item não disponivel,3999.9,2222.16,0,,true
12726-4,5600427115094,5600427115094,NEXX,60,Item não disponivel,3999.9,2222.16,0,,true
12727-1,5600427115124,5600427115124,NEXX,62,Item não disponivel,3999.9,2222.16,0,,true
20423-1,5600427131636,5600427131636,NEXX,56,Item não disponivel,3999.9,2222.16,0,,true
20432-3,5600427131643,5600427131643,NEXX,58,Item não disponivel,3999.9,2222.16,0,,true
20433-0,5600427131650,5600427131650,NEXX,60,Item não disponivel,3999.9,2222.16,0,,true
20434-7,5600427131667,5600427131667,NEXX,62,Sob Consulta,3999.9,2222.16,0,,true
11963-4,5600427108904,5600427108904,NEXX,56,Item não disponivel,3999.9,2222.16,0,,true
11964-1,5600427108911,5600427108911,NEXX,58,Item não disponivel,3999.9,2222.16,0,,true
11965-8,5600427108928,5600427108928,NEXX,60,Item não disponivel,3999.9,2222.16,0,,true
11966-5,5600427108935,5600427108935,NEXX,62,Sob Consulta,3999.9,2222.16,0,,true
15243-3,5600427115537,5600427115537,NEXX,56,Item não disponivel,3999.9,2222.16,0,,true
15244-0,5600427115520,5600427115520,NEXX,58,Item não disponivel,3999.9,2222.16,0,,true
15245-7,5600427115513,5600427115513,NEXX,60,Disponivel,3999.9,2222.16,0,,true
15246-4,5600427115544,5600427115544,NEXX,62,Item não disponivel,3999.9,2222.16,0,,true
15239-6,5600427115674,5600427115674,NEXX,56,Item não disponivel,3999.9,2222.16,0,,true
15240-2,5600427115667,5600427115667,NEXX,58,Item não disponivel,3999.9,2222.16,0,,true
15241-9,5600427115650,5600427115650,NEXX,60,Sob Consulta,3999.9,2222.16,0,,true
15242-6,5600427115681,5600427115681,NEXX,62,Item não disponivel,3999.9,2222.16,0,,true
15220-4,5600427115049,5600427115049,NEXX,56,Sob Consulta,3999.9,2222.16,0,,true
15221-1,5600427115032,5600427115032,NEXX,58,Sob Consulta,3999.9,2222.16,0,,true
15222-8,5600427115025,5600427115025,NEXX,60,Disponivel,3999.9,2222.16,0,,true
15226-6,5600427115056,5600427115056,NEXX,62,Sob Consulta,3999.9,2222.16,0,,true
15231-0,5600427114974,5600427114974,NEXX,56,Item não disponivel,3999.9,2222.16,0,,true
15232-7,5600427114967,5600427114967,NEXX,58,Item não disponivel,3999.9,2222.16,0,,true
15233-4,5600427114950,5600427114950,NEXX,60,Item não disponivel,3999.9,2222.16,0,,true
15234-1,5600427114981,5600427114981,NEXX,62,Item não disponivel,3999.9,2222.16,0,,true
15267-9,5600427113755,5600427113755,NEXX,56,Item não disponivel,999.9,555.5,0,,true
15268-6,5600427113748,5600427113748,NEXX,58,Item não disponivel,999.9,555.5,0,,true
15269-3,5600427113731,5600427113731,NEXX,60,Item não disponivel,999.9,555.5,0,,true
15270-9,5600427113762,5600427113762,NEXX,62,Item não disponivel,999.9,555.5,0,,true
15263-1,5600427114714,5600427114714,NEXX,56,Item não disponivel,1999.9,1111.05,0,,true
15264-8,5600427114717,5600427114717,NEXX,58,Disponivel,1999.9,1111.05,0,,true
15265-5,5600427114791,5600427114791,NEXX,60,Disponivel,1999.9,1111.05,0,,true
15266-2,5600427114721,5600427114721,NEXX,62,Disponivel,1999.9,1111.05,0,,true
15261-7,5600427114776,5600427114776,NEXX,56,Item não disponivel,1999.9,1111.05,0,,true
15260-0,5600427114769,5600427114769,NEXX,58,Sob Consulta,1999.9,1111.05,0,,true
15259-4,5600427114752,5600427114752,NEXX,60,Sob Consulta,1999.9,1111.05,0,,true
15262-4,5600427114783,5600427114783,NEXX,62,Item não disponivel,1999.9,1111.05,0,,true
15255-6,5600427114653,5600427114653,NEXX,56,Sob Consulta,1999.9,1111.05,0,,true
15256-3,5600427114646,5600427114646,NEXX,58,Disponivel,1999.9,1111.05,0,,true
15257-0,5600427114639,5600427114639,NEXX,60,Disponivel,1999.9,1111.05,0,,true
15258-7,5600427114660,5600427114660,NEXX,62,Sob Consulta,1999.9,1111.05,0,,true
67857-5,5600427059640,5600427059640,NEXX,56,Sob Consulta,990,550,0,,true
67856-8,5600427059657,5600427059657,NEXX,58,Item não disponivel,990,550,0,,true
67855-1,5600427059664,5600427059664,NEXX,60,Item não disponivel,990,550,0,,true
67854-4,5600427059671,5600427059671,NEXX,62,Item não disponivel,990,550,0,,true
11957-3,5600427113342,5600427113342,NEXX,56,Item não disponivel,1390,772.22,0,,true
11960-3,5600427113359,5600427113359,NEXX,58,Item não disponivel,1390,772.22,0,,true
11961-0,5600427113366,5600427113366,NEXX,60,Item não disponivel,1390,772.22,0,,true
11962-7,5600427113373,5600427113373,NEXX,62,Item não disponivel,1390,772.22,0,,true
84897-8,5600427086622,5600427086622,NEXX,56,Item não disponivel,1390,772.22,0,,true
84898-5,5600427086639,5600427086639,NEXX,58,Item não disponivel,1390,772.22,0,,true
84899-2,5600427086646,5600427086646,NEXX,60,Item não disponivel,1390,772.22,0,,true
84900-5,5600427086653,5600427086653,NEXX,62,Item não disponivel,1390,772.22,0,,true
11977-1,5600427131841,5600427131841,NEXX,56,Item não disponivel,1299.9000000000001,722.16,0,,true
11978-8,5600427131834,5600427131834,NEXX,58,Disponivel,1299.9000000000001,722.16,0,,true
11979-5,5600427131827,5600427131827,NEXX,60,Disponivel,1299.9000000000001,722.16,0,,true
11980-1,5600427131858,5600427131858,NEXX,62,Disponivel,1299.9000000000001,722.16,0,,true
11981-8,5600427113427,5600427113427,NEXX,56,Item não disponivel,1299.9000000000001,722.16,0,,true
11982-5,5600427113434,5600427113434,NEXX,58,Disponivel,1299.9000000000001,722.16,0,,true
11983-2,5600427113441,5600427113441,NEXX,60,Disponivel,1299.9000000000001,722.16,0,,true
11984-9,5600427113458,5600427113458,NEXX,62,Item não disponivel,1299.9000000000001,722.16,0,,true
11989-4,5600427111577,5600427111577,NEXX,56,Item não disponivel,1299.9000000000001,722.16,0,,true
11990-0,5600427109932,5600427109932,NEXX,58,Item não disponivel,1299.9000000000001,722.16,0,,true
11991-7,5600427111584,5600427111584,NEXX,60,Item não disponivel,1299.9000000000001,722.16,0,,true
11992-4,5600427111591,5600427111591,NEXX,62,Item não disponivel,1299.9000000000001,722.16,0,,true
11985-6,5600427110914,5600427110914,NEXX,56,Item não disponivel,1299.9000000000001,722.16,0,,true
11986-3,5600427109918,5600427109918,NEXX,58,Item não disponivel,1299.9000000000001,722.16,0,,true
11987-0,5600427110921,5600427110921,NEXX,60,Disponivel,1299.9000000000001,722.16,0,,true
11988-7,5600427110938,5600427110938,NEXX,62,Item não disponivel,1299.9000000000001,722.16,0,,true
12728-8,,0,NEXX,56,Item não disponivel,1299.9000000000001,722.16,0,,true
12151-4,,0,NEXX,58,Item não disponivel,1299.9000000000001,722.16,0,,true
12729-5,,0,NEXX,60,Item não disponivel,1299.9000000000001,722.16,0,,true
12792-9,,0,NEXX,62,Item não disponivel,1299.9000000000001,722.16,0,,true
70860-9,5600427059237,VISEIRA NEXX SX100/SX100R CRISTAL,NEXX,U,Disponivel,299.89999999999998,166.61,0,,true
85024-7,,VISEIRA NEXX SX100/SX100R IRIDIUM SILVER,NEXX,U,Item não disponivel,369.9,205.5,0,,true
64956-8,5600427101738,VISEIRA NEXX SX100/SX100R FUMÊ,NEXX,U,Item não disponivel,369.9,205.5,0,,true
70862-3,5600427101776,VISEIRA NEXX SX100R IRIDIUM AZUL,NEXX,U,Item não disponivel,369.9,205.5,0,,true
11999-3,5600427102346,VISEIRA NEXX SX100R IRIDIUM VERMELHA,NEXX,U,Item não disponivel,369.9,205.5,0,,true
12003-6,5600427102155,VISEIRA NEXX X.R3R FUMÊ,NEXX,U,Item não disponivel,449.9,249.94,0,,true
12002-9,5600427102186,VISEIRA NEXX X.R3R IRIDIUM AZUL,NEXX,U,Sob Consulta,449.9,249.94,0,,true
12001-2,5600427102193,VISEIRA NEXX X.R3R IRIDIUM VERMELHA,NEXX,U,Disponivel,449.9,249.94,0,,true
12004-3,5600427112321,VISEIRA NEXX Y.10 CRISTAL,NEXX,U,Disponivel,299.89999999999998,166.61,0,,true
15273-0,5600427112994,VISEIRA NEXX Y.10 FUMÊ,NEXX,U,Disponivel,369.9,205.5,0,,true
15271-6,,VISEIRA NEXX X.G30 BOLHA CRISTAL,NEXX,U,Item não disponivel,199,0,0,,true
15272-3,,VISEIRA NEXX X.G30 CRISTAL,NEXX,U,Item não disponivel,299.89999999999998,166.61,0,,true
15275-4,5600427118972,VISEIRA NEXX Y.100 CRISTAL,NEXX,U,Disponivel,329.9,183.28,0,,true
15277-8,,VISEIRA NEXX Y.100 FUME,NEXX,U,Item não disponivel,369.9,205.5,0,,true
15278-5,,VISEIRA NEXX Y.100 IRIDIUM AZUL,NEXX,U,Item não disponivel,369.9,205.5,0,,true
15276-1,,VISEIRA NEXX Y.100 IRIDIUM VERMELHO,NEXX,U,Sob Consulta,369.9,205.5,0,,true
46708-7,5600427041560,VISEIRA NEXX X70 BOLHA CRISTAL,NEXX,U,Item não disponivel,299.89999999999998,166.61,0,,true
85028-5,,VISEIRA NEXX X70 RETA CRISTAL,NEXX,U,Item não disponivel,369.9,205.5,0,,true
20327-2,,VISEIRA NEXX X70 BOLHA FUME,NEXX,U,Sob Consulta,299.89999999999998,166.61,0,,true
67060-9,,VISEIRA NEXX XR2 A/R CRISTAL,NEXX,U,Disponivel,319.89999999999998,177.72,0,,true
22588-5,,VISEIRA NEXX XR2 A/R IRIDIUM AZUL,NEXX,U,Item não disponivel,369.9,205.5,0,,true
91110-8,,VISEIRA NEXX XR2 A/R DOURADA,NEXX,U,Item não disponivel,369.9,205.5,0,,true
91754-4,5600427091206,VISEIRA NEXX XR2 A/R VERMELHA,NEXX,U,Sob Consulta,369.9,205.5,0,,true
22587-8,,VISEIRA NEXX XR2 IRIDIUM PRATA,NEXX,U,Sob Consulta,369.9,205.5,0,,true
85137-4,5600427059220,VISEIRA NEXX SOLAR SX100,NEXX,U,Disponivel,239.9,133.28,0,,true
21492-6,,VISEIRA TEAR OFF NEXX XR2,NEXX,U,Disponivel,80,44,0,,true
15274-7,8059347499185,PINLOCK NEXX Y.100,NEXX,U,Item não disponivel,369.49,0,0,,true
69489-6,5600427059213,PINLOCK NEXX SX100,NEXX,U,Disponivel,299.89999999999998,166.61,0,,true
20326-5,,PINLOCK NEXX XR2,NEXX,U,Disponivel,230,128,0,,true
22289-1,5600427041997,KIT DE FIXAÇÃO NEXX XR2 BOTÃO O PAR,NEXX,U,Disponivel,179,99.94,0,,true
22589-2,,KIT FIXAÇÃO VISEIRA NEXX X70 GROOVY COR PRETO,NEXX,U,Disponivel,100,135,0,,true
93970-6,,KIT FIXAÇÃO VISEIRA NEXX X70 GROOVY COR CARAMELO,NEXX,U,Disponivel,228,135,0,,true
85123-7,,NARIGUEIRA NEXX SX100,NEXX,U,Disponivel,89,50,0,,true
85164-0,,NARIGUEIRA NEXX XR2,NEXX,U,Item não disponivel,89,50,0,,true
93972-0,5600427041485,5600427041485,NEXX,56,Sob Consulta,290,161.11000000000001,0,,true
89561-3,5600427041492,5600427041492,NEXX,58,Disponivel,290,161.11000000000001,0,,true
91455-0,5600427041508,5600427041508,NEXX,60,Disponivel,290,161.11000000000001,0,,true
91456-7,5600427041515,5600427041515,NEXX,62,Sob Consulta,290,161.11000000000001,0,,true
93971-3,-,BOCHECHA NEXX X70 CREME,NEXX,58/62,Item não disponivel,290,161.11000000000001,0,,true
91381-2,5600427041409,5600427041409,NEXX,60,Item não disponivel,290,161.11000000000001,0,,true
93935-5,-,-,NEXX,62,Item não disponivel,290,161.11000000000001,0,,true
85149-7,5600427041423,5600427041423,NEXX,56,Item não disponivel,290,161.11000000000001,0,,true
85150-3,5600427041430,5600427041430,NEXX,58,Sob Consulta,290,161.11000000000001,0,,true
85151-0,5600427041447,5600427041447,NEXX,60,Item não disponivel,290,161.11000000000001,0,,true
85152-7,5600427041454,5600427041454,NEXX,62,Sob Consulta,290,161.11000000000001,0,,true
85128-2,5600427041348,5600427041348,NEXX,56,Disponivel,290,161.11000000000001,0,,true
85129-9,,0,NEXX,58,Item não disponivel,290,161.11000000000001,0,,true
85130-5,,0,NEXX,60,Sob Consulta,290,161.11000000000001,0,,true
85136-7,,0,NEXX,58/62,Item não disponivel,290,161.11000000000001,0,,true
85145-9,,0,NEXX,56,Item não disponivel,299.89999999999998,166.61,0,,true
85146-6,5600427042147,5600427042147,NEXX,58,Disponivel,299.89999999999998,166.61,0,,true
85147-3,5600427042154,5600427042154,NEXX,60,Sob Consulta,299.89999999999998,166.61,0,,true
85148-0,5600427042161,5600427042161,NEXX,62,Sob Consulta,299.89999999999998,166.61,0,,true
97148-5,,0,NEXX,64,Sob Consulta,299.89999999999998,166.61,0,,true
85140-4,5600427042062,5600427042062,NEXX,56,Item não disponivel,299.89999999999998,166.61,0,,true
85141-1,5600427042079,5600427042079,NEXX,58,Item não disponivel,299.89999999999998,166.61,0,,true
85142-8,5600427042086,5600427042086,NEXX,60,Item não disponivel,299.89999999999998,166.61,0,,true
85143-5,5600427042093,5600427042093,NEXX,62,Item não disponivel,299.89999999999998,166.61,0,,true
85144-2,,0,NEXX,64,Item não disponivel,299.89999999999998,166.61,0,,true
12030-2,,JAQUETA WXR VORTEX PRETO/CINZA,WXR,S,Item não disponivel,799.9,444.38,0,,true
12031-9,,0,WXR,M,Disponivel,799.9,444.38,0,,true
12032-6,,0,WXR,L,Disponivel,799.9,444.38,0,,true
12033-3,,0,WXR,XL,Disponivel,799.9,444.38,0,,true
12034-0,,0,WXR,2XL,Disponivel,799.9,444.38,0,,true
12035-7,,0,WXR,3XL,Sob Consulta,799.9,444.38,0,,true
16427-6,,0,WXR,4XL,Item não disponivel,799.9,444.38,0,,true
16428-3,,0,WXR,5XL,Item não disponivel,799.9,444.38,0,,true
12012-8,,JAQUETA WXR THUNA PRETO/CINZA,WXR,S,Item não disponivel,799.9,444.38,0,,true
12013-5,,0,WXR,M,Disponivel,799.9,444.38,0,,true
12014-2,,0,WXR,L,Disponivel,799.9,444.38,0,,true
12015-9,,0,WXR,XL,Disponivel,799.9,444.38,0,,true
12016-6,,0,WXR,2XL,Disponivel,799.9,444.38,0,,true
12017-3,,0,WXR,3XL,Item não disponivel,799.9,444.38,0,,true
12018-0,,0,WXR,4XL,Item não disponivel,799.9,444.38,0,,true
20120-9,,0,WXR,5XL,Item não disponivel,799.9,0,0,,true
12006-7,,JAQUETA WXR THUNA PRETO/VERMELHO,WXR,S,Item não disponivel,799.9,444.38,0,,true
12007-4,,0,WXR,M,Disponivel,799.9,444.38,0,,true
12008-1,,0,WXR,L,Disponivel,799.9,444.38,0,,true
12009-8,,0,WXR,XL,Disponivel,799.9,444.38,0,,true
12010-4,,0,WXR,2XL,Disponivel,799.9,444.38,0,,true
12011-1,,0,WXR,3XL,Item não disponivel,799.9,444.38,0,,true
16408-5,,0,WXR,4XL,Item não disponivel,799.9,444.38,0,,true
16412-2,,0,WXR,5XL,Item não disponivel,799.9,444.38,0,,true
20174-2,,JAQUETA WXR VELOFRESH LADY CINZA CLARO/PRETO/VERMELHO,WXR,S,Item não disponivel,799.9,444.38,0,,true
20175-9,,0,WXR,M,Sob Consulta,799.9,444.38,0,,true
20176-6,,0,WXR,L,Item não disponivel,799.9,444.38,0,,true
20177-3,,0,WXR,XL,Item não disponivel,799.9,0,0,,true
20179-7,,0,WXR,2XL,Item não disponivel,799.9,444.38,0,,true
20153-7,,JAQUETA WXR VELOFRESH LADY PRETO/TIFFANY,WXR,S,Sob Consulta,799.9,0,0,,true
20154-4,,0,WXR,M,Disponivel,799.9,0,0,,true
20167-4,,0,WXR,L,Disponivel,799.9,0,0,,true
20168-1,,0,WXR,XL,Disponivel,799.9,0,0,,true
20173-5,,0,WXR,2XL,Item não disponivel,799.9,0,0,,true
12025-8,,JAQUETA WXR VELOFRESH LADY PRETO/ROSA,WXR,S,Item não disponivel,799.9,444.38,0,,true
12026-5,,0,WXR,M,Disponivel,799.9,444.38,0,,true
12027-2,,0,WXR,L,Disponivel,799.9,444.38,0,,true
12028-9,,0,WXR,XL,Sob Consulta,799.9,444.38,0,,true
12029-6,,0,WXR,2XL,Disponivel,799.9,444.38,0,,true
12019-7,,JAQUETA WXR VELOFRESH AZUL/LARANJA,WXR,S,Item não disponivel,799.9,444.38,0,,true
12020-3,,0,WXR,M,Disponivel,799.9,444.38,0,,true
12021-0,,0,WXR,L,Disponivel,799.9,444.38,0,,true
12022-7,,0,WXR,XL,Disponivel,799.9,444.38,0,,true
12023-4,,0,WXR,2XL,Disponivel,799.9,444.38,0,,true
12024-1,,0,WXR,3XL,Item não disponivel,799.9,444.38,0,,true
16413-9,,0,WXR,4XL,Item não disponivel,799.9,444.38,0,,true
20121-6,,0,WXR,M,Item não disponivel,799.9,444.38,0,,true
20122-3,,0,WXR,L,Disponivel,799.9,444.38,0,,true
20123-0,,0,WXR,XL,Disponivel,799.9,444.38,0,,true
20124-7,,0,WXR,2XL,Disponivel,799.9,444.38,0,,true
20125-4,,0,WXR,3XL,Item não disponivel,799.9,444.38,0,,true
20126-1,,0,WXR,4XL,Item não disponivel,799.9,0,0,,true
20127-8,,0,WXR,M,Disponivel,799.9,0,0,,true
20138-4,,0,WXR,L,Disponivel,799.9,0,0,,true
20144-5,,0,WXR,XL,Disponivel,799.9,0,0,,true
20147-6,,0,WXR,2XL,Disponivel,799.9,0,0,,true
20149-0,,0,WXR,3XL,Disponivel,799.9,0,0,,true
20150-6,,0,WXR,4XL,Item não disponivel,799.9,0,0,,true
20180-3,,0,WXR,M,Item não disponivel,1999.9,1111.05,0,,true
20181-0,,0,WXR,L,Sob Consulta,1999.9,1111.05,0,,true
20182-7,,0,WXR,XL,Sob Consulta,1999.9,1111.05,0,,true
20188-9,,0,WXR,2XL,Disponivel,1999.9,1111.05,0,,true
20189-6,,0,WXR,3XL,Item não disponivel,1999.9,1111.05,0,,true
16429-0,,JAQUETA WXR KROKO COURO PRETO/BRANCO,WXR,S,Item não disponivel,999.9,555.5,0,,true
16430-6,,0,WXR,M,Item não disponivel,999.9,555.5,0,,true
16431-3,,0,WXR,L,Item não disponivel,999.9,555.5,0,,true
16432-0,,0,WXR,XL,Item não disponivel,999.9,555.5,0,,true
16433-7,,0,WXR,2XL,Item não disponivel,999.9,555.5,0,,true
16434-4,,0,WXR,3XL,Item não disponivel,999.9,555.5,0,,true
16435-1,,JAQUETA WXR KROKO COURO PRETO/BRANCO/BEGE,WXR,S,Sob Consulta,999.9,555.5,0,,true
16436-8,,0,WXR,M,Item não disponivel,999.9,555.5,0,,true
16437-5,,0,WXR,L,Item não disponivel,999.9,555.5,0,,true
16438-2,,0,WXR,XL,Item não disponivel,999.9,555.5,0,,true
16439-9,,0,WXR,2XL,Item não disponivel,999.9,555.5,0,,true
16440-5,,0,WXR,3XL,Item não disponivel,999.9,555.5,0,,true
16441-2,,JAQUETA WXR KROKO LADY COURO PRETO/BRANCO,WXR,XS,Disponivel,999.9,555.5,0,,true
16442-9,,0,WXR,S,Sob Consulta,999.9,555.5,0,,true
16443-6,,0,WXR,M,Item não disponivel,999.9,555.5,0,,true
16444-3,,0,WXR,L,Item não disponivel,999.9,555.5,0,,true
16445-0,,0,WXR,XL,Item não disponivel,999.9,555.5,0,,true
16446-7,,JAQUETA WXR KROKO LADY COURO PRETO/BRANCO/BEGE,WXR,XS,Disponivel,999.9,555.5,0,,true
16447-4,,0,WXR,S,Disponivel,999.9,555.5,0,,true
16448-1,,0,WXR,M,Item não disponivel,999.9,555.5,0,,true
16449-8,,0,WXR,L,Item não disponivel,999.9,555.5,0,,true
16450-4,,0,WXR,XL,Item não disponivel,999.9,555.5,0,,true
78006-3,,JAQUETA WXR POWER,WXR,S,Item não disponivel,499.9,277,0,,true
78007-0,,0,WXR,M,Disponivel,499.9,277,0,,true
78008-7,,0,WXR,L,Disponivel,499.9,277,0,,true
78009-4,,0,WXR,XL,Disponivel,499.9,277,0,,true
78010-0,,0,WXR,2XL,Item não disponivel,499.9,277,0,,true
78011-7,,0,WXR,3XL,Item não disponivel,499.9,277,0,,true
78012-4,,0,WXR,4XL,Item não disponivel,499.9,277,0,,true
78013-1,,0,WXR,5XL,Item não disponivel,499.9,277,0,,true
80171-3,,JAQUETA WXR LOLLA LADY,WXR,XS,Disponivel,499.9,277,0,,true
80175-1,,0,WXR,S,Item não disponivel,499.9,277,0,,true
80176-8,,0,WXR,M,Item não disponivel,499.9,277,0,,true
80177-5,,0,WXR,L,Item não disponivel,499.9,277,0,,true
80178-2,,0,WXR,XL,Item não disponivel,499.9,277,0,,true
77998-2,,JAQUETA WXR SUPERVENT,WXR,S,Item não disponivel,499.9,277,0,,true
77999-9,,0,WXR,M,Item não disponivel,499.9,277,0,,true
78000-1,,0,WXR,L,Disponivel,499.9,277,0,,true
78001-8,,0,WXR,XL,Disponivel,499.9,277,0,,true
78002-5,,0,WXR,2XL,Disponivel,499.9,277,0,,true
78003-2,,0,WXR,3XL,Item não disponivel,499.9,277,0,,true
78004-9,,0,WXR,4XL,Item não disponivel,499.9,277,0,,true
78005-6,,0,WXR,5XL,Item não disponivel,499.9,277,0,,true
81372-3,,JAQUETA WXR SUPERVENT LADY,WXR,XS,Disponivel,499.9,277,0,,true
81594-9,,0,WXR,S,Item não disponivel,499.9,277,0,,true
81595-6,,0,WXR,M,Item não disponivel,499.9,277,0,,true
81596-3,,0,WXR,L,Disponivel,499.9,277,0,,true
81597-0,,0,WXR,XL,Item não disponivel,499.9,277,0,,true
81602-1,,0,WXR,2XL,Item não disponivel,499.9,277,0,,true
19995-7,,BOTA WXR NOMAD PRETO IMPERMEAVEL,WXR,41 EUR/39 BR/08 USA,Item não disponivel,799.9,444.39,0,,true
19996-4,,0,WXR,42 EUR/40 BR/09 USA,Item não disponivel,799.9,444.39,0,,true
19997-1,,0,WXR,43 EUR/41 BR/10 USA,Disponivel,799.9,444.39,0,,true
19999-5,,0,WXR,44 EUR/42 BR/11 USA,Sob Consulta,799.9,444.39,0,,true
20000-4,,0,WXR,45 EUR/43 BR/12 USA,Item não disponivel,799.9,444.39,0,,true
20007-3,,0,WXR,46 EUR/44 BR/13 USA,Item não disponivel,799.9,444.39,0,,true
19985-8,,BOTA WXR TRACKSPEED PRETO/VERMELHO,WXR,41 EUR/39 BR/08 USA,Item não disponivel,999.9,555.5,0,,true
19986-5,,0,WXR,42 EUR/40 BR/09 USA,Item não disponivel,999.9,555.5,0,,true
19987-2,,0,WXR,43 EUR/41 BR/10 USA,Item não disponivel,999.9,555.5,0,,true
19988-9,,0,WXR,44 EUR/42 BR/11 USA,Item não disponivel,999.9,555.5,0,,true
19990-2,,0,WXR,45 EUR/43 BR/12 USA,Item não disponivel,999.9,555.5,0,,true
16457-3,,BOTA WXR TRACK SPEED PRETA,WXR,41 EUR/39 BR/08 USA,Item não disponivel,999.9,555.5,0,,true
16458-0,,0,WXR,42 EUR/40 BR/09 USA,Item não disponivel,999.9,555.5,0,,true
16459-7,,0,WXR,43 EUR/41 BR/10 USA,Item não disponivel,999.9,555.5,0,,true
16460-3,,0,WXR,44 EUR/42 BR/11 USA,Item não disponivel,999.9,555.5,0,,true
16461-0,,0,WXR,45 EUR/43 BR/12 USA,Item não disponivel,999.9,555.5,0,,true
78022-3,,LUVA WXR ROCK,WXR,S,Item não disponivel,99.9,56,0,,true
78023-0,,0,WXR,M,Disponivel,99.9,56,0,,true
78024-7,,0,WXR,L,Disponivel,99.9,56,0,,true
78025-4,,0,WXR,XL,Disponivel,99.9,56,0,,true
78026-1,,0,WXR,2XL,Item não disponivel,99.9,56,0,,true
81363-1,,LUVA WXR TOP,WXR,S,Item não disponivel,139.9,79,0,,true
81598-7,,0,WXR,M,Item não disponivel,139.9,79,0,,true
81599-4,,0,WXR,L,Item não disponivel,139.9,79,0,,true
81600-7,,0,WXR,XL,Disponivel,139.9,79,0,,true
81601-4,,0,WXR,2XL,Disponivel,139.9,79,0,,true
16451-1,,LUVA WXR TOP 2.0 PRETA,WXR,S,Item não disponivel,159.9,88.83,0,,true
16452-8,,0,WXR,M,Disponivel,159.9,88.83,0,,true
16453-5,,0,WXR,L,Disponivel,159.9,88.83,0,,true
16454-2,,0,WXR,XL,Sob Consulta,159.9,88.83,0,,true
16455-9,,0,WXR,2XL,Disponivel,159.9,88.83,0,,true
16456-6,,0,WXR,3XL,Item não disponivel,159.9,88.83,0,,true
19970-4,,LUVA WXR SPEEDMASTER PRETO/VERMELHO,WXR,S,Item não disponivel,349.9,194.38,0,,true
19971-1,,0,WXR,M,Item não disponivel,349.9,194.38,0,,true
19982-7,,0,WXR,L,Item não disponivel,349.9,194.38,0,,true
19983-4,,0,WXR,XL,Item não disponivel,349.9,194.38,0,,true
19984-1,,0,WXR,2XL,Item não disponivel,349.9,194.38,0,,true
16462-7,,LUVA WXR SPEEDMASTER PRETA,WXR,S,Item não disponivel,349.9,194.38,0,,true
16463-4,,0,WXR,M,Item não disponivel,349.9,194.38,0,,true
16465-8,,0,WXR,L,Disponivel,349.9,194.38,0,,true
16466-5,,0,WXR,XL,Disponivel,349.9,194.38,0,,true
16468-9,,0,WXR,2XL,Disponivel,349.9,194.38,0,,true
16505-1,,MACACÃO WXR ZUKANO PRETO/BRANCO/VERMELHO,WXR,48,Item não disponivel,3399.9,1888.83,0,,true
16506-8,,0,WXR,50,Item não disponivel,3399.9,1888.83,0,,true
16508-2,,0,WXR,52,Item não disponivel,3399.9,1888.83,0,,true
16509-9,,0,WXR,54,Item não disponivel,3399.9,1888.83,0,,true
16510-5,,0,WXR,56,Item não disponivel,3399.9,1888.83,0,,true
16513-6,,0,WXR,58,Item não disponivel,3399.9,1888.83,0,,true
16514-3,,0,WXR,60,Item não disponivel,3399.9,1888.83,0,,true
26258-3,,0,WXR,62,Item não disponivel,0,0,0,,true
16516-7,,MACACÃO WXR ZUKANO PRETO/AMARELO/BRANCO,WXR,48,Item não disponivel,3399.9,1888.83,0,,true
16518-1,,0,WXR,50,Item não disponivel,3399.9,1888.83,0,,true
16519-8,,0,WXR,52,Item não disponivel,3399.9,1888.83,0,,true
16520-4,,0,WXR,54,Item não disponivel,3399.9,1888.83,0,,true
16521-1,,0,WXR,56,Item não disponivel,3399.9,1888.83,0,,true
16522-8,,0,WXR,58,Item não disponivel,3399.9,1888.83,0,,true
16523-5,,0,WXR,60,Item não disponivel,3399.9,1888.83,0,,true
16524-2,,MACACÃO WXR ZUKANO PRETO/BRANCO/AZUL,WXR,48,Item não disponivel,3399.9,1888.83,0,,true
16526-6,,0,WXR,50,Item não disponivel,3399.9,1888.83,0,,true
16528-0,,0,WXR,52,Item não disponivel,3399.9,1888.83,0,,true
16529-7,,0,WXR,54,Item não disponivel,3399.9,1888.83,0,,true
16530-3,,0,WXR,56,Item não disponivel,3399.9,1888.83,0,,true
16531-0,,0,WXR,58,Item não disponivel,3399.9,1888.83,0,,true
16532-7,,0,WXR,60,Item não disponivel,3399.9,1888.83,0,,true
16533-4,,MACACÃO WXR ZUKANO VERMELHO/BRANCO/AZUL,WXR,48,Item não disponivel,3399.9,1888.83,0,,true
16534-1,,0,WXR,50,Item não disponivel,3399.9,1888.83,0,,true
16535-8,,0,WXR,52,Item não disponivel,3399.9,1888.83,0,,true
16536-5,,0,WXR,54,Item não disponivel,3399.9,1888.83,0,,true
16538-9,,0,WXR,56,Item não disponivel,3399.9,1888.83,0,,true
16539-6,,0,WXR,58,Item não disponivel,3399.9,1888.83,0,,true
16541-9,,0,WXR,60,Item não disponivel,3399.9,1888.83,0,,true
19671-0,8718913156647,8718913156647,MACNA,M,Item não disponivel,1399.9,799.94,0,,true
19669-7,8718913156593,8718913156593,MACNA,L,Item não disponivel,1399.9,799.94,0,,true
19682-6,8718913156746,8718913156746,MACNA,XL,Sob Consulta,1399.9,799.94,0,,true
19667-3,8718913156845,8718913156845,MACNA,2XL,Item não disponivel,1399.9,799.94,0,,true
19668-0,8718913156890,8718913156890,MACNA,3XL,Item não disponivel,1399.9,799.94,0,,true
25529-5,,0,MACNA,M,Item não disponivel,1399.9,799.94,0,,true
25528-8,,0,MACNA,L,Disponivel,1399.9,799.94,0,,true
25531-8,,0,MACNA,XL,Sob Consulta,1399.9,799.94,0,,true
25522-6,,0,MACNA,2XL,Sob Consulta,1399.9,799.94,0,,true
25525-7,,0,MACNA,3XL,Item não disponivel,1399.9,799.94,0,,true
25490-8,,0,MACNA,M,Item não disponivel,1799.9,1028.51,0,,true
25489-2,,0,MACNA,L,Disponivel,1799.9,1028.51,0,,true
25504-2,,0,MACNA,XL,Sob Consulta,1799.9,1028.51,0,,true
25507-3,,0,MACNA,2XL,Disponivel,1799.9,1028.51,0,,true
25483-0,,0,MACNA,M,Sob Consulta,1799.9,1028.51,0,,true
25482-3,,0,MACNA,L,Disponivel,1799.9,1028.51,0,,true
25484-7,,0,MACNA,XL,Disponivel,1799.9,1028.51,0,,true
25486-1,,0,MACNA,2XL,Disponivel,1799.9,1028.51,0,,true
25488-5,,0,MACNA,3XL,Item não disponivel,1799.9,1028.51,0,,true
25485-4,,0,MACNA,4XL,Item não disponivel,1799.9,1028.51,0,,true
26286-6,,0,MACNA,5XL,Item não disponivel,1799.9,1028.51,0,,true
25513-4,,0,MACNA,M,Item não disponivel,1799.9,1028.51,0,,true
25510-3,,0,MACNA,L,Sob Consulta,1799.9,1028.51,0,,true
25514-1,,0,MACNA,XL,Sob Consulta,1799.9,1028.51,0,,true
25515-8,,0,MACNA,2XL,Sob Consulta,1799.9,1028.51,0,,true
25516-5,,0,MACNA,3XL,Item não disponivel,1799.9,1028.51,0,,true
25542-4,,0,MACNA,M,Item não disponivel,1999.9,1142.8,0,,true
25539-4,,0,MACNA,L,Item não disponivel,1999.9,1142.8,0,,true
25543-1,,0,MACNA,XL,Item não disponivel,1999.9,1142.8,0,,true
25544-8,,0,MACNA,2XL,Item não disponivel,1999.9,1142.8,0,,true
25535-6,,0,MACNA,M,Item não disponivel,1999.9,1142.8,0,,true
25533-2,,0,MACNA,L,Item não disponivel,1999.9,1142.8,0,,true
25536-3,,0,MACNA,XL,Item não disponivel,1999.9,1142.8,0,,true
25538-7,,0,MACNA,2XL,Item não disponivel,1999.9,0,0,,true
25520-2,,JAQUETA MACNA DROMICA LADY PRETO,MACNA,S,Item não disponivel,1299.9000000000001,742.8,0,,true
25519-6,,0,MACNA,M,Item não disponivel,1299.9000000000001,742.8,0,,true
25517-2,,0,MACNA,L,Sob Consulta,1299.9000000000001,742.8,0,,true
25521-9,,0,MACNA,XL,Item não disponivel,1299.9000000000001,742.8,0,,true
25474-8,,JAQUETA MACNA EMPIRE 2.0 LADY CINZA/PRETO,MACNA,S,Item não disponivel,1699.9,971.37,0,,true
25473-1,,0,MACNA,M,Item não disponivel,1699.9,971.37,0,,true
25472-4,,0,MACNA,L,Sob Consulta,1699.9,971.37,0,,true
25475-5,,0,MACNA,XL,Item não disponivel,1699.9,971.37,0,,true
25476-2,,0,MACNA,2XL,Item não disponivel,1699.9,971.37,0,,true
25568-4,,0,MACNA,M,Sob Consulta,1699.9,971.37,0,,true
25567-7,,0,MACNA,L,Disponivel,1699.9,971.37,0,,true
25571-4,,0,MACNA,XL,Sob Consulta,1699.9,971.37,0,,true
25559-2,,0,MACNA,2XL,Item não disponivel,1699.9,971.37,0,,true
97884-2,8718913092662,8718913092662,MACNA,M,Item não disponivel,1499,856.57,0,,true
97883-5,8718913092655,8718913092655,MACNA,L,Item não disponivel,1499,856.57,0,,true
97783-8,8718913092686,8718913092686,MACNA,XL,Item não disponivel,1499,856.57,0,,true
97777-7,8718913092716,8718913092716,MACNA,3XL,Item não disponivel,1499,856.57,0,,true
19718-2,8718913157415,8718913157415,MACNA,M,Disponivel,1499.9,857.09,0,,true
19704-5,8718913157385,8718913157385,MACNA,L,Disponivel,1499.9,857.09,0,,true
19719-9,8718913157477,8718913157477,MACNA,XL,Disponivel,1499.9,857.09,0,,true
19702-1,8718913157538,8718913157538,MACNA,2XL,Disponivel,1499.9,857.09,0,,true
19703-8,8718913157569,8718913157569,MACNA,3XL,Sob Consulta,1499.9,857.09,0,,true
19723-6,8718913157422,8718913157422,MACNA,M,Item não disponivel,1499.9,857.09,0,,true
19722-9,8718913157392,8718913157392,MACNA,L,Item não disponivel,1499.9,857.09,0,,true
19724-3,8718913157484,8718913157484,MACNA,XL,Item não disponivel,1499.9,857.09,0,,true
19720-5,8718913157545,8718913157545,MACNA,2XL,Item não disponivel,1499.9,857.09,0,,true
19721-2,8718913157576,8718913157576,MACNA,3XL,Item não disponivel,1499.9,857.09,0,,true
19735-9,8718913157439,JAQUETA MACNA TORIDO PRETO,MACNA,S,Item não disponivel,1499.9,857.09,0,,true
19731-1,8718913157408,8718913157408,MACNA,M,Disponivel,1499.9,857.09,0,,true
19730-4,8718913157378,8718913157378,MACNA,L,Disponivel,1499.9,857.09,0,,true
19740-3,8718913157460,8718913157460,MACNA,XL,Disponivel,1499.9,857.09,0,,true
19725-0,8718913157521,8718913157521,MACNA,2XL,Disponivel,1499.9,857.09,0,,true
19726-7,8718913157552,8718913157552,MACNA,3XL,Disponivel,1499.9,857.09,0,,true
25546-2,8718913176577,8718913176577,MACNA,4XL,Sob Consulta,1499.9,857.09,0,,true
25552-3,8718913176584,8718913176584,MACNA,5XL,Sob Consulta,1499.9,857.09,0,,true
25553-0,8718913179226,8718913179226,MACNA,6XL,Sob Consulta,1499.9,857.09,0,,true
19688-8,8718913156975,JAQUETA MACNA TORIDA LADY BORDO XL,MACNA,S,Sob Consulta,1499.9,857.09,0,,true
19687-1,8718913156951,8718913156951,MACNA,M,Sob Consulta,1499.9,857.09,0,,true
19683-3,8718913156937,8718913156937,MACNA,L,Sob Consulta,1499.9,857.09,0,,true
19689-5,8718913156999,8718913156999,MACNA,XL,Item não disponivel,1499.9,857.09,0,,true
26285-9,,0,MACNA,2XL,Item não disponivel,1499.9,857.09,0,,true
19528-7,8718913120990,JAQUETA MACNA FOXTER PRETO 2XL,MACNA,XS,Disponivel,1199.9000000000001,685.66,0,,true
19514-0,8718913120891,8718913120891,MACNA,S,Sob Consulta,1199.9000000000001,685.66,0,,true
19509-6,8718913120846,8718913120846,MACNA,M,Disponivel,1199.9000000000001,685.66,0,,true
19508-9,8718913120792,8718913120792,MACNA,L,Disponivel,1199.9000000000001,685.66,0,,true
19515-7,8718913120945,8718913120945,MACNA,XL,Disponivel,1199.9000000000001,685.66,0,,true
19496-9,8718913121041,8718913121041,MACNA,2XL,Disponivel,1199.9000000000001,685.66,0,,true
19504-1,8718913121096,8718913121096,MACNA,3XL,Item não disponivel,1199.9000000000001,685.66,0,,true
19539-3,8718913121010,JAQUETA MACNA FOXTER PRETO/AZUL,MACNA,XS,Item não disponivel,1199.9000000000001,685.66,0,,true
19536-2,8718913120914,8718913120914,MACNA,S,Item não disponivel,1199.9000000000001,685.66,0,,true
19535-5,8718913120860,8718913120860,MACNA,M,Disponivel,1199.9000000000001,685.66,0,,true
19534-8,8718913120815,8718913120815,MACNA,L,Item não disponivel,1199.9000000000001,685.66,0,,true
19538-6,8718913120969,8718913120969,MACNA,XL,Sob Consulta,1199.9000000000001,685.66,0,,true
19531-7,8718913121065,8718913121065,MACNA,2XL,Disponivel,1199.9000000000001,685.66,0,,true
19533-1,8718913121119,8718913121119,MACNA,3XL,Sob Consulta,1199.9000000000001,685.66,0,,true
19543-0,8718913120907,JAQUETA MACNA FOXTER PRETO/VERMELHO,MACNA,S,Disponivel,1199.9000000000001,685.66,0,,true
19542-3,8718913120853,8718913120853,MACNA,M,Disponivel,1199.9000000000001,685.66,0,,true
19541-6,8718913120808,8718913120808,MACNA,L,Disponivel,1199.9000000000001,685.66,0,,true
19544-7,8718913120952,8718913120952,MACNA,XL,Disponivel,1199.9000000000001,685.66,0,,true
19540-9,8718913121058,8718913121058,MACNA,2XL,Disponivel,1199.9000000000001,685.66,0,,true
19489-1,8718913157613,8718913157613,MACNA,M,Sob Consulta,1699.9,971.37,0,,true
19488-4,8718913157583,8718913157583,MACNA,L,Disponivel,1699.9,971.37,0,,true
19495-2,8718913157675,8718913157675,MACNA,XL,Disponivel,1699.9,971.37,0,,true
19484-6,8718913157743,8718913157743,MACNA,2XL,Sob Consulta,1699.9,971.37,0,,true
19486-0,8718913157774,8718913157774,MACNA,3XL,Item não disponivel,1699.9,971.37,0,,true
19476-1,8718913157811,8718913157811,MACNA,M,Sob Consulta,1799.9,1028.51,0,,true
19471-6,8718913157804,8718913157804,MACNA,L,Disponivel,1799.9,1028.51,0,,true
19481-5,8718913157835,8718913157835,MACNA,XL,Disponivel,1799.9,1028.51,0,,true
19461-7,8718913157859,8718913157859,MACNA,2XL,Item não disponivel,1799.9,1028.51,0,,true
19464-8,8718913157866,8718913157866,MACNA,3XL,Item não disponivel,1799.9,1028.51,0,,true
19407-5,8718913142190,8718913142190,MACNA,M,Item não disponivel,1299.9000000000001,742.8,0,,true
19406-8,8718913142169,8718913142169,MACNA,L,Item não disponivel,1299.9000000000001,742.8,0,,true
19408-2,8718913142251,8718913142251,MACNA,XL,Item não disponivel,1299.9000000000001,742.8,0,,true
19404-4,8718913142282,8718913142282,MACNA,2XL,Item não disponivel,1299.9000000000001,742.8,0,,true
19405-1,8718913142312,8718913142312,MACNA,3XL,Item não disponivel,1299.9000000000001,742.8,0,,true
19428-0,8718913137554,8718913137554,MACNA,M,Item não disponivel,4299.8999999999996,2457.09,0,,true
19427-3,8718913137523,8718913137523,MACNA,L,Item não disponivel,4299.8999999999996,2457.09,0,,true
19429-7,8718913137615,8718913137615,MACNA,XL,Item não disponivel,4299.8999999999996,2457.09,0,,true
19425-9,8718913137660,8718913137660,MACNA,2XL,Item não disponivel,4299.8999999999996,2457.09,0,,true
19426-6,8718913137691,8718913137691,MACNA,3XL,Item não disponivel,4299.8999999999996,2457.09,0,,true
19423-5,8718913137578,8718913137578,MACNA,M,Item não disponivel,4299.8999999999996,2457.09,0,,true
19418-1,8718913137547,8718913137547,MACNA,L,Sob Consulta,4299.8999999999996,2457.09,0,,true
19424-2,8718913137639,8718913137639,MACNA,XL,Sob Consulta,4299.8999999999996,2457.09,0,,true
19411-2,8718913137684,8718913137684,MACNA,2XL,Sob Consulta,4299.8999999999996,2457.09,0,,true
19413-6,8718913137714,8718913137714,MACNA,3XL,Item não disponivel,4299.8999999999996,2457.09,0,,true
19430-3,8718913155701,8718913155701,MACNA,50,Item não disponivel,3599.9,2057.09,0,,true
19432-7,8718913155732,8718913155732,MACNA,52,Item não disponivel,3599.9,2057.09,0,,true
19435-8,8718913155763,8718913155763,MACNA,54,Sob Consulta,3599.9,2057.09,0,,true
19440-2,8718913155794,8718913155794,MACNA,56,Item não disponivel,3599.9,2057.09,0,,true
19441-9,8718913155824,8718913155824,MACNA,58,Item não disponivel,3599.9,2057.09,0,,true
19442-6,8718913155718,8718913155718,MACNA,50,Sob Consulta,3599.9,2057.09,0,,true
19451-8,8718913155749,8718913155749,MACNA,52,Item não disponivel,3599.9,2057.09,0,,true
19453-2,8718913155770,8718913155770,MACNA,54,Item não disponivel,3599.9,2057.09,0,,true
19454-9,8718913155800,8718913155800,MACNA,56,Item não disponivel,3599.9,2057.09,0,,true
16887-8,8718913116443,JAQUETA MACNA TRAFFIQ PRETO,MACNA,S,Item não disponivel,1049.9000000000001,599.94000000000005,0,,true
16884-7,8718913116412,8718913116412,MACNA,M,Sob Consulta,1049.9000000000001,599.94000000000005,0,,true
16881-6,8718913116382,8718913116382,MACNA,L,Disponivel,1049.9000000000001,599.94000000000005,0,,true
16890-8,8718913116474,8718913116474,MACNA,XL,Disponivel,1049.9000000000001,599.94000000000005,0,,true
16893-9,8718913116504,8718913116504,MACNA,2XL,Disponivel,1049.9000000000001,599.94000000000005,0,,true
16896-0,8718913116535,8718913116535,MACNA,3XL,Item não disponivel,1049.9000000000001,599.94000000000005,0,,true
16889-2,8718913116467,JAQUETA MACNA TRAFFIQ PRETO/AZUL,MACNA,S,Item não disponivel,1049.9000000000001,599.94000000000005,0,,true
16886-1,8718913116436,8718913116436,MACNA,M,Sob Consulta,1049.9000000000001,599.94000000000005,0,,true
16883-0,8718913116405,8718913116405,MACNA,L,Item não disponivel,1049.9000000000001,599.94000000000005,0,,true
16892-2,8718913116498,8718913116498,MACNA,XL,Disponivel,1049.9000000000001,599.94000000000005,0,,true
16895-3,8718913116528,8718913116528,MACNA,2XL,Item não disponivel,1049.9000000000001,599.94000000000005,0,,true
16888-5,8718913116450,JAQUETA MACNA TRAFFIQ PRETO/CINZA CAMO,MACNA,S,Item não disponivel,1049.9000000000001,599.94000000000005,0,,true
16885-4,8718913116429,8718913116429,MACNA,M,Sob Consulta,1049.9000000000001,599.94000000000005,0,,true
16882-3,8718913116399,8718913116399,MACNA,L,Disponivel,1049.9000000000001,599.94000000000005,0,,true
16891-5,8718913116481,8718913116481,MACNA,XL,Disponivel,1049.9000000000001,599.94000000000005,0,,true
16894-6,8718913116511,8718913116511,MACNA,2XL,Item não disponivel,1049.9000000000001,599.94000000000005,0,,true
14838-2,8718913139923,JAQUETA MACNA GRISCO PRETO/BRANCO,MACNA,S,Item não disponivel,1299.9000000000001,742.8,0,,true
14837-5,8718913139886,8718913139886,MACNA,M,Disponivel,1299.9000000000001,742.8,0,,true
14836-8,8718913139848,8718913139848,MACNA,L,Sob Consulta,1299.9000000000001,742.8,0,,true
14839-9,8718913139961,8718913139961,MACNA,XL,Disponivel,1299.9000000000001,742.8,0,,true
14834-4,8718913140059,8718913140059,MACNA,2XL,Item não disponivel,1299.9000000000001,742.8,0,,true
14835-1,8718913140097,8718913140097,MACNA,3XL,Item não disponivel,1299.9000000000001,742.8,0,,true
14832-0,8718913139930,JAQUETA MACNA GRISCO PRETO/VERMELHO,MACNA,S,Item não disponivel,1299.9000000000001,742.8,0,,true
14828-3,8718913139893,8718913139893,MACNA,M,Sob Consulta,1299.9000000000001,742.8,0,,true
14831-3,8718913139855,8718913139855,MACNA,L,Sob Consulta,1299.9000000000001,742.8,0,,true
14833-7,8718913139978,8718913139978,MACNA,XL,Disponivel,1299.9000000000001,742.8,0,,true
14829-0,8718913140066,8718913140066,MACNA,2XL,Item não disponivel,1299.9000000000001,742.8,0,,true
10991-8,,JAQUETA MACNA TONDO LADY PRETO/ROSA,MACNA,S,Item não disponivel,1649.9,942.8,0,,true
14894-8,8718913120297,8718913120297,MACNA,M,Item não disponivel,1649.9,942.8,0,,true
14893-1,8718913120266,8718913120266,MACNA,L,Item não disponivel,1649.9,942.8,0,,true
13325-8,8718913133273,8718913133273,MACNA,M,Item não disponivel,2149.9,1228.51,0,,true
13326-5,8718913133242,8718913133242,MACNA,L,Item não disponivel,2149.9,1228.51,0,,true
13327-2,8718913133334,8718913133334,MACNA,XL,Item não disponivel,2149.9,1228.51,0,,true
13328-9,,0,MACNA,2XL,Item não disponivel,2149.9,1228.51,0,,true
13329-6,,0,MACNA,3XL,Item não disponivel,2149.9,1228.51,0,,true
13342-5,8718913147546,8718913147546,MACNA,4XL,Disponível,2149.9,1228.51,0,,true
13347-0,8718913133488,JAQUETA MACNA ZASTRA LADY PRETO,MACNA,S,Sob Consulta,2149.9,1228.51,0,,true
13348-7,8718913133457,8718913133457,MACNA,M,Disponivel,2149.9,1228.51,0,,true
13349-4,8718913133426,8718913133426,MACNA,L,Item não disponivel,2149.9,1228.51,0,,true
13357-9,,0,MACNA,XL,Item não disponivel,2149.9,1228.51,0,,true
13350-0,,0,MACNA,2XL,Item não disponivel,2149.9,1228.51,0,,true
13351-7,,JAQUETA MACNA ZASTRA LADY BORDO,MACNA,S,Item não disponivel,2149.9,1228.51,0,,true
13352-4,8718913133464,8718913133464,MACNA,M,Item não disponivel,2149.9,1228.51,0,,true
13353-1,8718913133433,8718913133433,MACNA,L,Item não disponivel,2149.9,1228.51,0,,true
13359-3,,0,MACNA,XL,Item não disponivel,2149.9,1228.51,0,,true
13355-5,,13355-5,MACNA,2XL,Item não disponivel,0,0,0,,true
16900-4,8718913094680,8718913094680,MACNA,M,Item não disponivel,1599.9,914.22,0,,true
16898-4,8718913094604,8718913094604,MACNA,L,Sob Consulta,1599.9,914.22,0,,true
16902-8,8718913094840,8718913094840,MACNA,XL,Disponivel,1599.9,914.22,0,,true
16899-1,8718913094659,8718913094659,MACNA,M,Sob Consulta,1599.9,914.22,0,,true
16897-7,8718913094574,8718913094574,MACNA,L,Item não disponivel,1599.9,914.22,0,,true
16901-1,8718913094819,8718913094819,MACNA,XL,Sob Consulta,1599.9,914.22,0,,true
16903-5,8718913094970,8718913094970,MACNA,2XL,Sob Consulta,1599.9,914.22,0,,true
16905-9,8718913095052,8718913095052,MACNA,3XL,Item não disponivel,1599.9,914.22,0,,true
97879-8,8718913094802,JAQUETA MACNA BREEZE CINZA ESCURO/PRETO,MACNA,S,Sob Consulta,1599.9,914.22,0,,true
97878-1,8718913094727,8718913094727,MACNA,M,Sob Consulta,1599.9,914.22,0,,true
97877-4,8718913094642,8718913094642,MACNA,L,Disponivel,1599.9,914.23,0,,true
97880-4,8718913094888,8718913094888,MACNA,XL,Disponivel,1599.9,914.22,0,,true
97881-1,8718913095045,8718913095045,MACNA,2XL,Sob Consulta,1599.9,914.22,0,,true
10300-8,8718913094697,8718913094697,MACNA,M,Item não disponivel,1599.9,914.22,0,,true
10301-5,8718913094611,8718913094611,MACNA,L,Item não disponivel,1599.9,914.22,0,,true
10302-2,8718913094857,8718913094857,MACNA,XL,Item não disponivel,1599.9,914.22,0,,true
10303-9,8718913095014,8718913095014,MACNA,2XL,Item não disponivel,1599.9,914.22,0,,true
10253-7,8718913119819,JAQUETA MACNA NOVIC AZUL/LARANJA,MACNA,S,Item não disponivel,1699,970.86,0,,true
10254-4,8718913119772,8718913119772,MACNA,M,Item não disponivel,1699,970.86,0,,true
10255-1,8718913119734,8718913119734,MACNA,L,Item não disponivel,1699,970.86,0,,true
10256-8,8718913119857,8718913119857,MACNA,XL,Item não disponivel,1699,970.86,0,,true
10257-5,8718913119895,8718913119895,MACNA,2XL,Item não disponivel,1699,970.86,0,,true
10247-6,8718913119796,JAQUETA MACNA NOVIC PRETO,MACNA,S,Item não disponivel,1699,970.86,0,,true
10248-3,8718913119758,8718913119758,MACNA,M,Item não disponivel,1699,970.86,0,,true
10249-0,8718913119710,8718913119710,MACNA,L,Item não disponivel,1699,970.86,0,,true
10250-6,8718913119833,8718913119833,MACNA,XL,Item não disponivel,1699,970.86,0,,true
10251-3,8718913119871,8718913119871,MACNA,2XL,Item não disponivel,1699,970.86,0,,true
10252-0,8718913119918,8718913119918,MACNA,3XL,Item não disponivel,1699,970.86,0,,true
10258-2,8718913119826,JAQUETA MACNA NOVIC PRETO/AZUL,MACNA,S,Item não disponivel,1699,970.86,0,,true
10259-9,8718913119789,8718913119789,MACNA,M,Disponivel,1699,970.86,0,,true
10260-5,8718913119741,8718913119741,MACNA,L,Disponivel,1699,970.86,0,,true
10261-2,8718913119864,8718913119864,MACNA,XL,Disponivel,1699,970.86,0,,true
10262-9,8718913119901,8718913119901,MACNA,2XL,Item não disponivel,1699,970.86,0,,true
10263-6,8718913119949,8718913119949,MACNA,3XL,Item não disponivel,1699,970.86,0,,true
11411-0,8718913121768,JAQUETA MACNA TONDO PRETO,MACNA,S,Item não disponivel,1649.9,942.8,0,,true
11412-7,8718913121737,8718913121737,MACNA,M,Disponivel,1649.9,942.8,0,,true
11413-4,8718913121706,8718913121706,MACNA,L,Disponivel,1649.9,942.8,0,,true
11414-1,8718913121799,8718913121799,MACNA,XL,Disponivel,1649.9,942.8,0,,true
11415-8,8718913121904,8718913121904,MACNA,2XL,Item não disponivel,1649.9,942.8,0,,true
11416-5,8718913121935,8718913121935,MACNA,3XL,Item não disponivel,1649.9,942.8,0,,true
10428-9,8718913121249,JAQUETA MACNA VELOTURA AZUL ESCURO,MACNA,S,Item não disponivel,1199.9000000000001,685.66,0,,true
10429-6,8718913121201,8718913121201,MACNA,M,Sob Consulta,1199.9000000000001,685.66,0,,true
10431-9,8718913121164,8718913121164,MACNA,L,Sob Consulta,1199.9000000000001,685.66,0,,true
10432-6,8718913121287,8718913121287,MACNA,XL,Item não disponivel,1199.9000000000001,685.66,0,,true
16912-7,8718913121393,8718913121393,MACNA,2XL,Item não disponivel,1199.9000000000001,685.66,0,,true
10306-0,8718913121225,JAQUETA MACNA VELOTURA PRETO,MACNA,S,Item não disponivel,1199.9000000000001,685.66,0,,true
10307-7,8718913121188,8718913121188,MACNA,M,Disponivel,1199.9000000000001,685.66,0,,true
10308-4,8718913121140,8718913121140,MACNA,L,Sob Consulta,1199.9000000000001,685.66,0,,true
10309-1,8718913121263,8718913121263,MACNA,XL,Item não disponivel,1199.9000000000001,685.66,0,,true
10310-7,8718913121379,8718913121379,MACNA,2XL,Item não disponivel,1199.9000000000001,685.66,0,,true
10311-4,8718913121416,8718913121416,MACNA,3XL,Item não disponivel,1199.9000000000001,685.66,0,,true
16909-7,8718913132825,8718913132825,MACNA,4XL,Item não disponivel,1199.9000000000001,685.66,0,,true
16910-3,8718913132832,8718913132832,MACNA,5XL,Item não disponivel,1199.9000000000001,685.66,0,,true
16911-0,8718913132849,8718913132849,MACNA,6XL,Item não disponivel,1199.9000000000001,685.66,0,,true
10433-3,8718913121232,JAQUETA MACNA VELOTURA PRETO/CAMO,MACNA,S,Item não disponivel,1199.9000000000001,685.66,0,,true
10434-0,8718913121195,8718913121195,MACNA,M,Item não disponivel,1199.9000000000001,685.66,0,,true
11408-0,8718913121157,8718913121157,MACNA,L,Item não disponivel,1199.9000000000001,685.66,0,,true
11409-7,8718913121270,8718913121270,MACNA,XL,Item não disponivel,1199.9000000000001,685.66,0,,true
11410-3,8718913121386,8718913121386,MACNA,2XL,Item não disponivel,1199.9000000000001,685.66,0,,true
97822-4,8718913116979,JAQUETA MACNA DOMANE PRETO,MACNA,S,Item não disponivel,2999.9,1714.23,0,,true
97821-7,8718913116924,8718913116924,MACNA,M,Item não disponivel,2999.9,1714.23,0,,true
97820-0,8718913116870,8718913116870,MACNA,L,Sob Consulta,2999.9,1714.23,0,,true
97823-1,8718913117020,8718913117020,MACNA,XL,Disponivel,2999.9,1714.23,0,,true
97824-8,8718913117099,8718913117099,MACNA,2XL,Item não disponivel,2999.9,1714.23,0,,true
97825-5,8718913117143,8718913117143,MACNA,3XL,Item não disponivel,2999.9,1714.23,0,,true
97828-6,8718913117006,JAQUETA MACNA DOMANE CINZA/AZUL/PRETO,MACNA,S,Item não disponivel,2999.9,1714.23,0,,true
97827-9,8718913116955,8718913116955,MACNA,M,Item não disponivel,2999.9,1714.23,0,,true
97826-2,8718913116900,8718913116900,MACNA,L,Item não disponivel,2999.9,1714.23,0,,true
97829-3,8718913117051,8718913117051,MACNA,XL,Item não disponivel,2999.9,1714.23,0,,true
97830-9,8718913117129,8718913117129,MACNA,2XL,Item não disponivel,2999.9,1714.23,0,,true
97831-6,8718913117174,8718913117174,MACNA,3XL,Item não disponivel,2999.9,1714.23,0,,true
16875-5,8718913120037,JAQUETA MACNA VELOTURA LADY PRETO,MACNA,S,Item não disponivel,1199.9000000000001,685.66,0,,true
16874-8,8718913119994,8718913119994,MACNA,M,Item não disponivel,1199.9000000000001,685.66,0,,true
16873-1,8718913119956,8718913119956,MACNA,L,Sob Consulta,1199.9000000000001,685.66,0,,true
16876-2,8718913120075,8718913120075,MACNA,XL,Item não disponivel,1199.9000000000001,685.66,0,,true
16877-9,8718913120150,8718913120150,MACNA,2XL,Item não disponivel,1199.9000000000001,685.66,0,,true
16870-0,8718913088252,8718913088252,MACNA,M,Item não disponivel,1199.9000000000001,685.66,0,,true
16869-4,8718913088245,8718913088245,MACNA,L,Item não disponivel,1199.9000000000001,685.66,0,,true
16871-7,8718913088276,8718913088276,MACNA,XL,Item não disponivel,1199.9000000000001,685.66,0,,true
16872-4,8718913088283,8718913088283,MACNA,2XL,Item não disponivel,1199.9000000000001,685.66,0,,true
25442-7,,0,MACNA,3XL,Item não disponivel,1199.9000000000001,685.66,0,,true
25458-8,,0,MACNA,M,Item não disponivel,1399.9,799.94,0,,true
25456-4,,0,MACNA,L,Item não disponivel,1399.9,799.94,0,,true
25461-8,,0,MACNA,XL,Item não disponivel,1399.9,799.94,0,,true
25469-4,,0,MACNA,2XL,Item não disponivel,1399.9,799.94,0,,true
19657-4,8718913139114,8718913139114,MACNA,M,Item não disponivel,3199.9,1828.51,0,,true
19656-7,8718913139091,8718913139091,MACNA,L,Sob Consulta,3199.9,1828.51,0,,true
19659-8,8718913139176,8718913139176,MACNA,XL,Item não disponivel,3199.9,1828.51,0,,true
19653-6,8718913139237,8718913139237,MACNA,2XL,Sob Consulta,3199.9,1828.51,0,,true
19655-0,8718913139299,8718913139299,MACNA,3XL,Item não disponivel,3199.9,1828.51,0,,true
25602-5,8718913164857,LUVA MACNA OBTAIN COURO LADY PRETO/ROSA,MACNA,S,Sob Consulta,419.9,239.94,0,,true
25601-8,8718913164833,8718913164833,MACNA,M,Disponivel,419.9,239.94,0,,true
25600-1,8718913164819,8718913164819,MACNA,L,Item não disponivel,419.9,239.94,0,,true
10997-0,8718913125391,8718913125391,MACNA,L,Disponivel,399.9,228.51,0,,true
11451-6,8718913125483,8718913125483,MACNA,XL,Sob Consulta,399.9,228.51,0,,true
16917-2,8718913125513,8718913125513,MACNA,2XL,Sob Consulta,399.9,228.51,0,,true
25598-1,8718913158443,8718913158443,MACNA,M,Disponivel,549.9,314.23,0,,true
25596-7,8718913158405,8718913158405,MACNA,L,Disponivel,549.9,314.23,0,,true
25597-4,8718913158528,8718913158528,MACNA,XL,Disponivel,549.9,314.23,0,,true
25595-0,8718913158566,8718913158566,MACNA,2XL,Sob Consulta,549.9,314.23,0,,true
16922-6,8718913136823,LUVA MACNA THANDOR PRETO,MACNA,S,Item não disponivel,799.9,457.08,0,,true
16920-2,8718913136793,8718913136793,MACNA,M,Sob Consulta,799.9,457.08,0,,true
16918-9,8718913136762,8718913136762,MACNA,L,Disponivel,799.9,457.08,0,,true
16923-3,8718913136854,8718913136854,MACNA,XL,Sob Consulta,799.9,457.08,0,,true
16925-7,8718913136885,8718913136885,MACNA,2XL,Sob Consulta,799.9,457.08,0,,true
19560-7,8718913097216,8718913097216,MACNA,M,Item não disponivel,649.9,371.37,0,,true
19559-1,8718913097193,8718913097193,MACNA,L,Item não disponivel,649.9,371.37,0,,true
19563-8,8718913097254,8718913097254,MACNA,XL,Item não disponivel,649.9,371.37,0,,true
19558-4,8718913097315,8718913097315,MACNA,2XL,Item não disponivel,649.9,371.37,0,,true
14897-9,8718913053847,8718913053847,MACNA,M,Item não disponivel,649.9,371.37,0,,true
10994-9,8718913053830,8718913053830,MACNA,L,Disponivel,649.9,371.37,0,,true
14898-6,8718913053861,8718913053861,MACNA,XL,Sob Consulta,649.9,371.37,0,,true
14895-5,8718913053892,8718913053892,MACNA,2XL,Item não disponivel,649.9,371.37,0,,true
11446-2,8718913125445,LUVA MACNA OCTAR 2.0 PRETO,MACNA,S,Item não disponivel,399.9,228.51,0,,true
11445-5,8718913125414,8718913125414,MACNA,M,Disponivel,399.9,228.51,0,,true
11444-8,8718913125384,8718913125384,MACNA,L,Disponivel,399.9,228.51,0,,true
11447-9,8718913125476,8718913125476,MACNA,XL,Disponivel,399.9,228.51,0,,true
11448-6,8718913125506,8718913125506,MACNA,2XL,Disponivel,399.9,228.51,0,,true
97971-9,8718913114692,LUVA MACNA POWERTRACK PRETO/DOURADO/CINZA,MACNA,S,Item não disponivel,1299.9000000000001,742.8,0,,true
97969-6,8718913114630,8718913114630,MACNA,L,Item não disponivel,1299.9000000000001,742.8,0,,true
98328-0,8718913114722,8718913114722,MACNA,XL,Item não disponivel,1299.9000000000001,742.8,0,,true
16967-7,8718913114753,8718913114753,MACNA,2XL,Item não disponivel,1299.9000000000001,742.8,0,,true
16963-9,8718913114685,LUVA MACNA POWERTRACK PRETO/VERDE,MACNA,S,Sob Consulta,1299.9000000000001,742.8,0,,true
16962-2,8718913114654,8718913114654,MACNA,M,Item não disponivel,1299.9000000000001,742.8,0,,true
16955-4,8718913114623,8718913114623,MACNA,L,Item não disponivel,1299.9000000000001,742.8,0,,true
16964-6,8718913114715,8718913114715,MACNA,XL,Item não disponivel,1299.9000000000001,742.8,0,,true
16965-3,8718913114746,8718913114746,MACNA,2XL,Item não disponivel,1299.9000000000001,742.8,0,,true
16931-8,8718913143821,LUVA MACNA RECON 2.0 PRETO,MACNA,S,Item não disponivel,399.9,228.51,0,,true
16929-5,8718913143791,8718913143791,MACNA,M,Item não disponivel,399.9,228.51,0,,true
16927-1,8718913143760,8718913143760,MACNA,L,Sob Consulta,399.9,228.51,0,,true
16932-5,8718913143852,8718913143852,MACNA,XL,Disponivel,399.9,228.51,0,,true
16934-9,8718913143883,8718913143883,MACNA,2XL,Item não disponivel,399.9,228.51,0,,true
16936-3,8718913143913,8718913143913,MACNA,3XL,Item não disponivel,399.9,228.51,0,,true
16930-1,8718913143807,8718913143807,MACNA,M,Item não disponivel,399.9,228.51,0,,true
16928-8,8718913143777,8718913143777,MACNA,L,Sob Consulta,399.9,228.51,0,,true
16933-2,8718913143869,8718913143869,MACNA,XL,Sob Consulta,399.9,228.51,0,,true
16935-6,8718913143890,8718913143890,MACNA,2XL,Item não disponivel,399.9,228.51,0,,true
16942-4,8718913144187,LUVA MACNA RECON 2.0 LADY PRETO,MACNA,S,Item não disponivel,399.9,228.51,0,,true
16940-0,8718913144156,8718913144156,MACNA,M,Item não disponivel,399.9,228.51,0,,true
16937-0,8718913144125,8718913144125,MACNA,L,Item não disponivel,399.9,228.51,0,,true
16943-1,8718913144200,LUVA MACNA RECON 2.0 LADY PRETO/CINZA/ROSA,MACNA,S,Item não disponivel,399.9,228.51,0,,true
16941-7,8718913144170,8718913144170,MACNA,M,Item não disponivel,399.9,228.51,0,,true
16938-7,8718913144149,8718913144149,MACNA,L,Item não disponivel,399.9,228.51,0,,true
16921-9,8718913136809,8718913136809,MACNA,M,Sob Consulta,799.9,457.08,0,,true
16919-6,8718913136779,8718913136779,MACNA,L,Item não disponivel,799.9,457.08,0,,true
16924-0,8718913136861,8718913136861,MACNA,XL,Sob Consulta,799.9,457.08,0,,true
16926-4,8718913136892,8718913136892,MACNA,2XL,Item não disponivel,799.9,457.08,0,,true
97962-7,8718913113879,LUVA MACNA POWERTRACK PRETO,MACNA,S,Item não disponivel,1299.9000000000001,742.8,0,,true
97961-0,8718913113831,8718913113831,MACNA,M,Item não disponivel,1299.9000000000001,742.8,0,,true
97960-3,8718913113794,8718913113794,MACNA,L,Item não disponivel,1299.9000000000001,742.8,0,,true
97963-4,8718913113916,8718913113916,MACNA,XL,Item não disponivel,1299.9000000000001,742.8,0,,true
97964-1,8718913113954,8718913113954,MACNA,2XL,Item não disponivel,1299.9000000000001,742.8,0,,true
13363-0,,LUVA MACNA RECON PRETO,MACNA,S,Item não disponivel,399,228,0,,true
13364-7,,0,MACNA,M,Item não disponivel,399,228,0,,true
13365-4,,0,MACNA,L,Item não disponivel,399,228,0,,true
13366-1,,0,MACNA,XL,Item não disponivel,399,228,0,,true
13367-8,,0,MACNA,2XL,Item não disponivel,399,228,0,,true
13381-4,,LUVA MACNA RECON LADY PRETO,MACNA,S,Item não disponivel,399,228,0,,true
13380-7,,0,MACNA,M,Item não disponivel,399,228,0,,true
13379-1,,0,MACNA,L,Item não disponivel,399,228,0,,true
13382-1,,0,MACNA,XL,Item não disponivel,399,228,0,,true
97949-8,8718913100046,LUVA MACNA RECON LADY PRETO/CINZA/ROSA,MACNA,S,Item não disponivel,399,228,0,,true
97948-1,8718913100039,8718913100039,MACNA,M,Item não disponivel,399,228,0,,true
97947-4,8718913100022,8718913100022,MACNA,L,Item não disponivel,399,228,0,,true
11465-3,8718913128507,LUVA MACNA ASSAULT 2.0 PRETO,MACNA,S,Disponivel,419.9,239.94,0,,true
11464-6,8718913128446,8718913128446,MACNA,M,Disponivel,419.9,239.94,0,,true
11463-9,8718913128385,8718913128385,MACNA,L,Disponivel,419.9,239.94,0,,true
11466-0,8718913128569,8718913128569,MACNA,XL,Disponivel,419.9,239.94,0,,true
11467-7,8718913128620,8718913128620,MACNA,2XL,Item não disponivel,419.9,239.94,0,,true
19557-7,8718913128682,8718913128682,MACNA,3XL,Disponivel,419.9,239.94,0,,true
11469-1,8718913130029,LUVA MACNA RAPIER 2.0 RTX PRETO,MACNA,S,Item não disponivel,699,399.43,0,,true
11468-4,8718913130012,8718913130012,MACNA,M,Item não disponivel,699,399.43,0,,true
11003-7,8718913130005,8718913130005,MACNA,L,Item não disponivel,699,399.43,0,,true
11470-7,8718913130036,8718913130036,MACNA,XL,Sob Consulta,699,399.43,0,,true
11471-4,8718913130043,8718913130043,MACNA,2XL,Item não disponivel,699,399.43,0,,true
97952-8,8718913098596,LUVA MACNA ATTILA RTX PRETO,MACNA,S,Item não disponivel,559.9,319.94,0,,true
97951-1,8718913098541,8718913098541,MACNA,M,Item não disponivel,559.9,319.94,0,,true
97950-4,8718913098497,8718913098497,MACNA,L,Item não disponivel,559.9,319.94,0,,true
97953-5,8718913098640,8718913098640,MACNA,XL,Item não disponivel,559.9,319.94,0,,true
97954-2,8718913098695,8718913098695,MACNA,2XL,Item não disponivel,559.9,319.94,0,,true
97920-7,8718913065659,LUVA MACNA DARKO PRETO,MACNA,S,Item não disponivel,299.89999999999998,171.37,0,,true
97919-1,8718913065635,8718913065635,MACNA,M,Item não disponivel,299.89999999999998,171.37,0,,true
97918-4,8718913065611,8718913065611,MACNA,L,Disponivel,299.89999999999998,171.37,0,,true
97921-4,8718913065673,8718913065673,MACNA,XL,Disponivel,299.89999999999998,171.37,0,,true
97922-1,8718913065734,8718913065734,MACNA,2XL,Sob Consulta,299.89999999999998,171.37,0,,true
97923-8,8718913065758,8718913065758,MACNA,3XL,Item não disponivel,299.89999999999998,171.37,0,,true
10470-8,8718913087811,LUVA MACNA DARKO LADY BORDO,MACNA,S,Item não disponivel,299.89999999999998,171.37,0,,true
10471-5,8718913087804,8718913087804,MACNA,M,Item não disponivel,299.89999999999998,171.37,0,,true
10472-2,8718913087798,8718913087798,MACNA,L,Item não disponivel,299.89999999999998,171.37,0,,true
97942-9,8718913079243,LUVA MACNA DARKO LADY PRETO,MACNA,S,Item não disponivel,299.89999999999998,171.37,0,,true
97941-2,8718913079229,8718913079229,MACNA,M,Item não disponivel,299.89999999999998,171.37,0,,true
97940-5,8718913079205,8718913079205,MACNA,L,Item não disponivel,299.89999999999998,171.37,0,,true
97943-6,8718913079267,8718913079267,MACNA,XL,Item não disponivel,299.89999999999998,171.37,0,,true
19620-8,8718913158399,8718913158399,MACNA,L,Disponivel,549.9,314.23,0,,true
19621-5,8718913158511,8718913158511,MACNA,XL,Disponivel,549.9,314.23,0,,true
19604-8,8718913158559,8718913158559,MACNA,2XL,Sob Consulta,549.9,314.23,0,,true
19626-0,8718913158672,8718913158672,MACNA,M,Disponivel,599.9,342.8,0,,true
19625-3,8718913158634,8718913158634,MACNA,L,Disponivel,599.9,342.8,0,,true
19628-4,8718913158757,8718913158757,MACNA,XL,Disponivel,599.9,342.8,0,,true
19624-6,8718913158795,8718913158795,MACNA,2XL,Sob Consulta,599.9,342.8,0,,true
19648-2,8718913158696,8718913158696,MACNA,M,Item não disponivel,599.9,342.8,0,,true
19634-5,8718913158658,8718913158658,MACNA,L,Disponivel,599.9,342.8,0,,true
19651-2,8718913158771,8718913158771,MACNA,XL,Disponivel,599.9,342.8,0,,true
19631-4,8718913158818,8718913158818,MACNA,2XL,Item não disponivel,599.9,342.8,0,,true
19549-2,8718913159204,8718913159204,MACNA,M,Item não disponivel,799.9,457.09,0,,true
19548-5,8718913159198,8718913159198,MACNA,L,Item não disponivel,799.9,457.09,0,,true
19553-9,8718913159228,8718913159228,MACNA,XL,Item não disponivel,799.9,457.09,0,,true
19547-8,8718913159235,8718913159235,MACNA,2XL,Item não disponivel,799.9,457.09,0,,true
19576-8,8718913160071,8718913160071,MACNA,M,Item não disponivel,399.9,228.51,0,,true
19575-1,8718913160057,8718913160057,MACNA,L,Item não disponivel,399.9,228.51,0,,true
19577-5,8718913160118,8718913160118,MACNA,XL,Item não disponivel,399.9,228.51,0,,true
19571-3,8718913160132,8718913160132,MACNA,2XL,Item não disponivel,399.9,228.51,0,,true
19594-2,8718913148086,8718913148086,MACNA,M,Sob Consulta,419.9,239.94,0,,true
19579-9,8718913148079,8718913148079,MACNA,L,Disponivel,419.9,239.94,0,,true
19600-0,8718913148109,8718913148109,MACNA,XL,Sob Consulta,419.9,239.94,0,,true
19578-2,8718913148123,8718913148123,MACNA,2XL,Disponivel,419.9,239.94,0,,true
10491-3,8718913113282,LUVA MACNA ROCCO PRETO,MACNA,S,Item não disponivel,599.9,342.8,0,,true
10492-0,8718913113237,8718913113237,MACNA,M,Item não disponivel,649.9,371.37,0,,true
10493-7,8718913113183,8718913113183,MACNA,L,Item não disponivel,649.9,371.37,0,,true
10494-4,8718913113336,8718913113336,MACNA,XL,Item não disponivel,649.9,371.37,0,,true
10495-1,8718913113381,8718913113381,MACNA,2XL,Item não disponivel,649.9,371.37,0,,true
25577-6,8718913137011,MACACAO MACNA IGNITE 1PC PRETO/BRANCO/VERMELHO,MACNA,48,Item não disponivel,7599.9,4342.8,0,,true
19777-9,8718913137059,8718913137059,MACNA,50,Item não disponivel,7599.9,4342.8,0,,true
25582-0,8718913137097,8718913137097,MACNA,52,Item não disponivel,7599.9,4342.8,0,,true
19785-4,8718913137134,8718913137134,MACNA,54,Item não disponivel,7599.9,4342.8,0,,true
25585-1,8718913137172,8718913137172,MACNA,56,Item não disponivel,7599.9,4342.8,0,,true
25590-5,8718913143166,MACACAO MACNA ARMADYL 1PC PRETO/BRANCO,MACNA,48,Item não disponivel,6799.9,3885.66,0,,true
19750-2,8718913143203,8718913143203,MACNA,50,Item não disponivel,6799.9,3885.66,0,,true
19751-9,8718913143241,8718913143241,MACNA,52,Sob Consulta,6799.9,3885.66,0,,true
19752-6,8718913143289,8718913143289,MACNA,54,Item não disponivel,6799.9,3885.66,0,,true
19753-3,8718913143326,8718913143326,MACNA,56,Item não disponivel,6799.9,3885.66,0,,true
19756-4,8718913143364,8718913143364,MACNA,58,Item não disponivel,6799.9,3885.66,0,,true
26356-6,8718913143234,8718913143234,MACNA,50,Item não disponivel,6799.9,3885.66,0,,true
19741-0,8718913143272,8718913143272,MACNA,52,Item não disponivel,6799.9,3885.66,0,,true
19744-1,8718913143319,8718913143319,MACNA,54,Item não disponivel,6799.9,3885.66,0,,true
19747-2,8718913143357,8718913143357,MACNA,56,Item não disponivel,6799.9,3885.66,0,,true
19749-6,8718913143395,8718913143395,MACNA,58,Item não disponivel,6799.9,3885.66,0,,true
25592-9,8718913161474,MACACAO MACNA ARMADYL 1PC PRETO/VERMELHO,MACNA,48,Sob Consulta,6799.9,3885.66,0,,true
19758-8,8718913161481,8718913161481,MACNA,50,Sob Consulta,6799.9,3885.66,0,,true
19759-5,8718913161498,8718913161498,MACNA,52,Disponivel,6799.9,3885.66,0,,true
19760-1,8718913161504,8718913161504,MACNA,54,Sob Consulta,6799.9,3885.66,0,,true
19761-8,8718913161511,8718913161511,MACNA,56,Item não disponivel,6799.9,3885.66,0,,true
19762-5,8718913161528,8718913161528,MACNA,58,Item não disponivel,6799.9,3885.66,0,,true
19767-0,8718913137042,8718913137042,MACNA,50,Item não disponivel,7599.9,4342.8,0,,true
19768-7,8718913137080,8718913137080,MACNA,52,Item não disponivel,7599.9,4342.8,0,,true
19773-1,8718913137127,8718913137127,MACNA,54,Sob Consulta,7599.9,4342.8,0,,true
19774-8,8718913137165,8718913137165,MACNA,56,Item não disponivel,7599.9,4342.8,0,,true
19775-5,8718913137202,8718913137202,MACNA,58,Item não disponivel,7599.9,4342.8,0,,true
97889-7,8718913052895,RASPADOR MACACAO MACNA,MACNA,PRETO,Sob Consulta,399.9,228.51,0,,true
10466-1,8718913055551,8718913055551,MACNA,VERMELHO,Item não disponivel,329,188,0,,true
10467-8,8718913055605,8718913055605,MACNA,AMARELO,Item não disponivel,329,188,0,,true
25446-5,,0,MACNA,M,Item não disponivel,479.9,274.23,0,,true
25445-8,,0,MACNA,L,Sob Consulta,479.9,274.23,0,,true
25453-3,,0,MACNA,XL,Disponivel,479.9,274.23,0,,true
25443-4,,0,MACNA,2XL,Item não disponivel,479.9,274.23,0,,true
25439-7,,0,MACNA,M,Item não disponivel,699.9,399.94,0,,true
25438-0,,0,MACNA,L,Sob Consulta,699.9,399.94,0,,true
25440-3,,0,MACNA,XL,Item não disponivel,699.9,399.94,0,,true
97786-9,8718913090965,CAPA DE CHUVA CALCA MACNA SPRAY PRETO,MACNA,S,Item não disponivel,329.9,188.51,0,,true
97785-2,8718913090941,8718913090941,MACNA,M,Sob Consulta,329.9,188.51,0,,true
97784-5,8718913090927,8718913090927,MACNA,L,Disponivel,329.9,188.51,0,,true
97787-6,8718913090989,8718913090989,MACNA,XL,Disponivel,329.9,188.51,0,,true
97788-3,8718913091009,8718913091009,MACNA,2XL,Disponivel,329.9,188.51,0,,true
97789-0,8718913091023,8718913091023,MACNA,3XL,Disponivel,329.9,188.51,0,,true
13319-7,8718913090972,CAPA DE CHUVA CALCA MACNA SPRAY AMARELO,MACNA,S,Item não disponivel,329.9,188.51,0,,true
13318-0,8718913090958,8718913090958,MACNA,M,Item não disponivel,329.9,188.51,0,,true
13317-3,8718913090934,8718913090934,MACNA,L,Disponivel,329.9,188.51,0,,true
13320-3,8718913090996,8718913090996,MACNA,XL,Disponivel,329.9,188.51,0,,true
13321-0,8718913091016,8718913091016,MACNA,2XL,Disponivel,329.9,188.51,0,,true
13432-3,8718913090859,CAPA DE CHUVA JAQUETA MACNA SPRAY AMARELO,MACNA,S,Item não disponivel,449.9,257.08999999999997,0,,true
13433-0,8718913090835,8718913090835,MACNA,M,Item não disponivel,449.9,257.08999999999997,0,,true
13434-7,8718913090811,8718913090811,MACNA,L,Item não disponivel,449.9,257.08999999999997,0,,true
13435-4,8718913090873,8718913090873,MACNA,XL,Sob Consulta,449.9,257.08999999999997,0,,true
13436-1,8718913090897,8718913090897,MACNA,2XL,Item não disponivel,449.9,257.08999999999997,0,,true
97779-1,8718913090842,CAPA DE CHUVA JAQUETA MACNA SPRAY PRETO,MACNA,S,Item não disponivel,449.9,257.08999999999997,0,,true
97778-4,8718913090828,8718913090828,MACNA,M,Item não disponivel,449.9,257.08999999999997,0,,true
97776-0,8718913090804,8718913090804,MACNA,L,Disponivel,449.9,257.08999999999997,0,,true
97780-7,8718913090866,8718913090866,MACNA,XL,Disponivel,449.9,257.08999999999997,0,,true
97781-4,8718913090880,8718913090880,MACNA,2XL,Disponivel,449.9,257.08999999999997,0,,true
97782-1,8718913090903,8718913090903,MACNA,3XL,Sob Consulta,449.9,257.08999999999997,0,,true
97772-2,8718913107106,CAPA DE CHUVA MACNA HYDRA 3.0 AMARELO/PRETO,MACNA,S,Item não disponivel,1099.9000000000001,628.51,0,,true
97771-5,8718913107083,8718913107083,MACNA,M,Item não disponivel,1099.9000000000001,628.51,0,,true
97770-8,8718913107069,8718913107069,MACNA,L,Item não disponivel,1099.9000000000001,628.51,0,,true
97773-9,8718913107120,8718913107120,MACNA,XL,Item não disponivel,1099.9000000000001,628.51,0,,true
97774-6,8718913107144,8718913107144,MACNA,2XL,Item não disponivel,1099.9000000000001,628.51,0,,true
97775-3,,97775-3,MACNA,3XL,Item não disponivel,0,0,0,,true
97766-1,8718913107090,CAPA DE CHUVA MACNA HYDRA 3.0 PRETO,MACNA,S,Item não disponivel,1099.9000000000001,628.51,0,,true
97765-4,8718913107076,8718913107076,MACNA,M,Item não disponivel,1099.9000000000001,685.66,0,,true
97764-7,8718913107052,8718913107052,MACNA,L,Item não disponivel,1099.9000000000001,685.66,0,,true
97767-8,8718913107113,8718913107113,MACNA,XL,Sob Consulta,1099.9000000000001,685.66,0,,true
97768-5,8718913107137,8718913107137,MACNA,2XL,Item não disponivel,1099.9000000000001,685.66,0,,true
97769-2,8718913107151,8718913107151,MACNA,3XL,Item não disponivel,1099.9000000000001,628.51,0,,true
16954-7,8718913147713,BASEBALL STRIPE,MACNA,U,Disponivel,149.9,85.65,0,,true
25572-1,8718913117921,POCHETE/MOCHILA MACNA HIP BAG FORDABLE PRETO,MACNA,U,Disponivel,479.9,274.33,0,,true
14958-7,8718913148468,MOCHILA MACNA MUBP-1 PRETO,MACNA,U,Sob Consulta,759.9,434.23,0,,true
19623-9,8718913158061,MOCHILA MACNA MUBP RIDEFORD PRETO,MACNA,U,Disponivel,899.9,514.23,0,,true
14960-0,8718913135963,PROTETOR DE COLUNA MACNA VAULT BRANCO/VERMELHO,MACNA,M,Sob Consulta,799.9,485.66,0,,true
14959-4,8718913135956,8718913135956,MACNA,L,Sob Consulta,799.9,485.66,0,,true
10468-5,8718913089228,PROTETOR DE COLUNA MACNA,MACNA,FB 38/43,Disponivel,409.9,234.23,0,,true
10469-2,8718913089235,8718913089235,MACNA,FB 43/48,Disponivel,409.9,234.23,0,,true
11430-1,8718913048973,PROTETOR DE PEITO MACNA INTEIRO,MACNA,U,Item não disponivel,549,313.70999999999998,0,,true
11431-8,8718913089211,PROTETOR DE PEITO MACNA RISC SEPARADO,MACNA,U,Item não disponivel,349,199.42,0,,true
10459-3,8718913117938,BOLSA DE PEITO MACNA HOLSTER,MACNA,U,Item não disponivel,309.89999999999998,177.08,0,,true
19403-7,8718913066908,COLETE DE RESFRIAMENTO MACNA COOLING VEST EVO,MACNA,S/M,Item não disponivel,1399.9,799.94,0,,true
10463-0,8718913066939,8718913066939,MACNA,L/XL,Item não disponivel,1399.9,799.94,0,,true
11427-1,8718913066915,8718913066915,MACNA,2XL/3XL,Item não disponivel,1399.9,799.94,0,,true
11428-8,8718913066922,8718913066922,MACNA,4XL/5XL,Item não disponivel,1299.9000000000001,742.8,0,,true
10462-3,8718913117990,MALA MACNA ROLLER BAG PRETO,MACNA,U,Disponivel,1549.9,885.65,0,,true
10458-6,8718913089822,BOLSA DE PERNA MACNA,MACNA,U,Disponivel,429.9,245.66,0,,true
13362-3,,BOLSA COLDRE MACNA,MACNA,U,Sob Consulta,329.9,188.51,0,,true
25573-8,,BALACLAVA MACNA MANE PRETO/ROXO,MACNA,U,Item não disponivel,199.9,114.23,0,,true
25574-5,,BALACLAVA MACNA BASIC MICRO AIRMESH PRETO,MACNA,U,Item não disponivel,119.9,68.510000000000005,0,,true
10460-9,8718913061415,BALACLAVA MACNA FRESH,MACNA,U,Item não disponivel,199.9,114.23,0,,true
19398-6,8718913135307,BALACLAVA MACNA MANE CINZA/BRANCO,MACNA,U,Item não disponivel,199.9,114.23,0,,true
19400-6,8718913135291,BALACLAVA MACNA MANE CINZA/VERMELHO,MACNA,U,Item não disponivel,199.9,114.23,0,,true
10461-6,8718913048676,LIMPA COURO MACNA LEATHERWASH 300ML,MACNA,U,Item não disponivel,99,56.57,0,,true
11429-5,8718913089143,LUZ MACNA VISION 2C,MACNA,U,Item não disponivel,249,142.29,0,,true
96684-9,8000958224079,8000958224079,TCX,41 EUR.,Sob Consulta,2499.9,1388.83,0,,true
96685-6,8000958224086,8000958224086,TCX,42 EUR.,Disponivel,2499.9,1388.83,0,,true
96686-3,8000958224093,8000958224093,TCX,43 EUR.,Disponivel,2499.9,1388.83,0,,true
96687-0,8000958224109,8000958224109,TCX,44 EUR.,Disponivel,2499.9,1388.83,0,,true
96688-7,8000958224116,8000958224116,TCX,45 EUR.,Sob Consulta,2499.9,1388.83,0,,true
96689-4,8000958224123,8000958224123,TCX,46 EUR.,Item não disponivel,2499.9,1388.83,0,,true
72094-6,,0,TCX,40 EUR.,Item não disponivel,1299,721.67,0,,true
72095-3,,0,TCX,41 EUR.,Item não disponivel,1299,721.67,0,,true
72096-0,,0,TCX,42 EUR.,Disponivel,1299,721.67,0,,true
72097-7,,0,TCX,43 EUR.,Sob Consulta,1299,721.67,0,,true
72098-4,,0,TCX,44 EUR.,Item não disponivel,1299,721.67,0,,true
72099-1,,0,TCX,45 EUR.,Item não disponivel,1299,721.67,0,,true
72100-4,,0,TCX,46 EUR.,Item não disponivel,1299,721.67,0,,true
72101-1,,0,TCX,47 EUR.,Item não disponivel,1299,721.67,0,,true
17047-5,8051019544964,8051019544964,TCX,41 EUR.,Item não disponivel,3999.9,2222.17,0,,true
17048-2,8051019544971,8051019544971,TCX,42 EUR.,Disponivel,3999.9,2222.17,0,,true
17049-9,8051019544988,8051019544988,TCX,43 EUR.,Disponivel,3999.9,2222.17,0,,true
17050-5,8051019544995,8051019544995,TCX,44 EUR.,Disponivel,3999.9,2222.17,0,,true
17051-2,8051019545008,8051019545008,TCX,45 EUR.,Sob Consulta,3999.9,2222.17,0,,true
17052-9,8051019545015,8051019545015,TCX,46 EUR.,Item não disponivel,3999.9,2222.17,0,,true
17042-0,8051019544841,8051019544841,TCX,41 EUR.,Item não disponivel,3999.9,2222.17,0,,true
17043-7,8051019544858,8051019544858,TCX,42 EUR.,Disponivel,3999.9,2222.17,0,,true
17044-4,8051019544865,8051019544865,TCX,43 EUR.,Disponivel,3999.9,2222.17,0,,true
17045-1,8051019544872,8051019544872,TCX,44 EUR.,Disponivel,3999.9,2222.17,0,,true
17046-8,8051019544889,8051019544889,TCX,45 EUR.,Disponivel,3999.9,2222.17,0,,true
17036-9,8051019712295,8051019712295,TCX,39 EUR.,Item não disponivel,1999.9,1111.05,0,,true
17037-6,8051019712301,8051019712301,TCX,40 EUR.,Item não disponivel,1999.9,1111.05,0,,true
17038-3,8051019712318,8051019712318,TCX,41 EUR.,Item não disponivel,1999.9,1111.05,0,,true
17039-0,8051019712325,8051019712325,TCX,42 EUR.,Disponivel,1999.9,1111.05,0,,true
17040-6,8051019712332,8051019712332,TCX,43 EUR.,Sob Consulta,1999.9,1111.05,0,,true
17041-3,8051019712349,8051019712349,TCX,44 EUR.,Item não disponivel,1999.9,1111.05,0,,true
93995-9,828831843067,INTERCOMUNICADOR CARDO SPIRIT UNITARIO,INTERCOMUNICADORES,Disponivel,Disponível,705.82,0,0,,true
93996-6,828831843074,INTERCOMUNICADOR CARDO SPIRIT DUO,INTERCOMUNICADORES,Disponivel,Disponível,1352.88,0,0,,true
93997-3,828831843081,INTERCOMUNICADOR CARDO SPIRIT HD UNITARIO,INTERCOMUNICADORES,Disponivel,Disponível,1058.76,0,0,,true
93998-0,828831843104,INTERCOMUNICADOR CARDO SPIRIT HD DUO,INTERCOMUNICADORES,Disponivel,Disponível,1999.94,0,0,,true
93999-7,828831843029,INTERCOMUNICADOR CARDO FREECOM 2X UNITARIO,INTERCOMUNICADORES,Disponivel,Disponível,1411.7,0,0,,true
94000-9,828831843036,INTERCOMUNICADOR CARDO FREECOM 2X DUO,INTERCOMUNICADORES,Disponivel,Disponível,2529.35,0,0,,true
94001-6,828831843043,INTERCOMUNICADOR CARDO FREECOM 4X UNITARIO,INTERCOMUNICADORES,Disponivel,Disponível,1764.64,0,0,,true
94002-3,828831843050,INTERCOMUNICADOR CARDO FREECOM 4X DUO,INTERCOMUNICADORES,Disponivel,Disponível,2941.11,0,0,,true
26844-8,828831846280,INTERCOMUNICADOR CARDO PACKTALK PRO DUO,INTERCOMUNICADORES,Disponivel,Disponível,4235.29,0,0,,true
14671-5,828831844521,INTERCOMUNICADOR CARDO PACKTALK PRO SINGLE,INTERCOMUNICADORES,Disponivel,Disponível,2705.82,0,0,,true
26845-5,828831845788,INTERCOMUNICADOR CARDO PACKTALK-S SHOEI GERAÇÃO 3 SINGLE,INTERCOMUNICADORES,Disponivel,Disponível,2235.29,0,0,,true
98031-9,0828831843166,INTERCOMUNICADOR CARDO PACKTALK EDGE SINGLE,INTERCOMUNICADORES,Disponivel,Disponível,2352.88,0,0,,true
95695-6,0828831843173,INTERCOMUNICADOR CARDO PACKTALK EDGE DUO,INTERCOMUNICADORES,Disponivel,Disponível,3882.29,0,0,,true
17421-3,828831843814,INTERCOMUNICADOR CARDO PACKTALK EDGE SINGLE OFF ROAD,INTERCOMUNICADORES,Disponivel,Disponível,2352.88,0,0,,true
17422-0,828831843821,INTERCOMUNICADOR CARDO PACKTALK EDGE DUO OFF ROAD,INTERCOMUNICADORES,Item não disponivel,Disponível,3882.29,0,0,,true
12756-1,828831844224,ADAPTADOR PARA CAPACETE SHOEI CARDO,INTERCOMUNICADORES,Item não disponivel,Disponível,117.06,0,0,,true
92518-1,0828831843265,KIT AUDIO AND MICROPHONE CARDO FREECOM/SPIRIT,INTERCOMUNICADORES,Disponivel,Disponível,588.16999999999996,0,0,,true
98244-3,0828831843272,KIT AUDIO AND MICROPHONE CARDO FREECOM/SPIRIT JBL,INTERCOMUNICADORES,Disponivel,Disponível,882.29,0,0,,true
95696-3,0828831843210,KIT AUDIO AND MICROPHONE CARDO PACKTALK EDGE,INTERCOMUNICADORES,Disponivel,Disponível,882.29,0,0,,true
63676-6,,KIT AUDIO AND MICROPHONE CARDO PACKTALK/SMART TALK,INTERCOMUNICADORES,Item não disponivel,Disponível,882.29,0,0,,true
12755-4,8809917360458,INTERCOMUNICADOR SENA SRL3,INTERCOMUNICADORES,Disponivel,Disponível,2235.23,0,0,,true
98239-9,8809629528351,INTERCOMUNICADOR SENA SRL-MESH01 UNITARIO       GT-AIR/NEOTEC/J-CRUISE,INTERCOMUNICADORES,Item não disponivel,Disponível,1587.64,0,0,,true
18144-0,8809629524704,INTERCOMUNICADOR SENA 10C EVO UNITARIO,INTERCOMUNICADORES,Disponivel,Disponível,2941.11,0,0,,true
18143-3,8809629527538,INTERCOMUNICADOR SENA 50S HARMAN KARDON DUO,INTERCOMUNICADORES,Disponivel,Disponível,3823.47,0,0,,true
18142-6,8809629527521,INTERCOMUNICADOR SENA 50S HARMAN KARDON UNITARIO,INTERCOMUNICADORES,Item não disponivel,Disponível,2294.0500000000002,0,0,,true
18155-6,8809629529983,INTERCOMUNICADOR SENA 5R LITE DUO,INTERCOMUNICADORES,Disponivel,Disponível,1165.23,0,0,,true
18152-5,8809629529136,INTERCOMUNICADOR SENA 5R LITE UNITARIO,INTERCOMUNICADORES,Disponivel,Disponível,588.16999999999996,0,0,,true
18141-9,8809917361523,INTERCOMUNICADOR SENA 60S HARMAN KARDON UNITARIO,INTERCOMUNICADORES,Item não disponivel,Disponível,2529.35,0,0,,true
18149-5,8809629526340,INTERCOMUNICADOR SENA SF2 DUO,INTERCOMUNICADORES,Disponivel,Disponível,1882.29,0,0,,true
18147-1,8809629526333,INTERCOMUNICADOR SENA SF2 UNITARIO,INTERCOMUNICADORES,Disponivel,Disponível,999.94,0,0,,true
18146-4,8809629520331,INTERCOMUNICADOR SENA SF4 DUO,INTERCOMUNICADORES,Disponivel,Disponível,2470.52,0,0,,true
18145-7,8809629520553,INTERCOMUNICADOR SENA SF4 UNITARIO,INTERCOMUNICADORES,Disponivel,Disponível,1411.7,0,0,,true
24171-7,,INTERCOMUNICADOR LOOKEARTH Q8 UNITARIO,INTERCOMUNICADORES,Disponivel,Disponível,388.83,0,0,,true
24182-3,,INTERCOMUNICADOR LOOKEARTH Q8 DUO,INTERCOMUNICADORES,Disponivel,Disponível,777.72,0,0,,true
24172-4,,INTERCOMUNICADOR LOOKEARTH V6 PRO+ UNITARIO,INTERCOMUNICADORES,Disponivel,Disponível,222.16,0,0,,true
24187-8,,INTERCOMUNICADOR LOOKEARTH V6 PRO+ DUO,INTERCOMUNICADORES,Disponivel,Disponível,444.38,0,0,,true
